CustomerID,Name,Phone,Email
C0001,Lakshit Kant,9.16845E+11,misha38@gmail.com
C0002,Uthkarsh Mannan,9.19741E+11,anahita89@gmail.com
C0003,Shamik Swaminathan,9.19517E+11,riya25@gmail.com
C0004,Hazel Ram,9.18204E+11,yuvraj-ganguly@gmail.com
C0005,Uthkarsh Toor,9.19604E+11,rasha82@gmail.com
C0006,Manikya Bala,9.17062E+11,bosemanjari@gmail.com
C0007,Gatik Biswas,9.17735E+11,utoor@gmail.com
C0008,Ishaan Dayal,9.16988E+11,sathetiya@gmail.com
C0009,Samiha Jain,9.19517E+11,vohranishith@gmail.com
C0010,Ryan Dhawan,9.17596E+11,shlokbatta@gmail.com
C0011,Tiya Thaman,9.16815E+11,batramyra@gmail.com
C0012,Gokul Bawa,9.17026E+11,ywalia@gmail.com
C0013,Aaryahi Luthra,9.18399E+11,othakur@gmail.com
C0014,Arhaan Bora,9.19389E+11,indrajitchandran@gmail.com
C0015,Himmat Rege,9.16802E+11,srinivaskhushi@gmail.com
C0016,Nirvi Sarma,9.18637E+11,baliindranil@gmail.com
C0017,Shray Bhatt,9.17826E+11,santmannat@gmail.com
C0018,Hazel Chokshi,9.19455E+11,anyataneja@gmail.com
C0019,Nitya Rajagopal,9.1709E+11,suppal@gmail.com
C0020,Mehul Sandal,9.18139E+11,shamikbhagat@gmail.com
C0021,Mahika Gaba,9.1927E+11,ksundaram@gmail.com
C0022,Ahana  Buch,9.16889E+11,aptemahika@gmail.com
C0023,Rohan Kalla,9.1838E+11,preraksaraf@gmail.com
C0024,Azad Chowdhury,9.16493E+11,chanaparinaaz@gmail.com
C0025,Mamooty Singh,9.16746E+11,daliavanya@gmail.com
C0026,Shanaya Sunder,9.16109E+11,yakshitbalasubramanian@gmail.com
C0027,Diya Shankar,9.18812E+11,eshaniguha@gmail.com
C0028,Tarini Koshy,9.19893E+11,dugarjayan@gmail.com
C0029,Saksham Bassi,9.19946E+11,kondayuvaan@gmail.com
C0030,Navya Thakkar,9.18207E+11,mannat98@gmail.com
C0031,Biju Gade,9.16367E+11,ranbir32@gmail.com
C0032,Shayak Dewan,9.16884E+11,armaansandhu@gmail.com
C0033,Nakul Madan,9.19474E+11,madhup05@gmail.com
C0034,Jivin Apte,9.16363E+11,ishaanwagle@gmail.com
C0035,Vritika Bobal,9.16873E+11,swalia@gmail.com
C0036,Arnav Chauhan,9.17604E+11,wsura@gmail.com
C0037,Tejas Devan,9.16697E+11,vkapadia@gmail.com
C0038,Sana Kadakia,9.16005E+11,onkarrajagopal@gmail.com
C0039,Raghav Kapur,9.17222E+11,akarsh40@gmail.com
C0040,Sahil Babu,9.17513E+11,ckhanna@gmail.com
C0041,Aaryahi Raval,9.19353E+11,kashvidugar@gmail.com
C0042,Shayak Chanda,9.19496E+11,iben@gmail.com
C0043,Devansh Jayaraman,9.1698E+11,madhavbalan@gmail.com
C0044,Divit Sant,9.17806E+11,mehulkarnik@gmail.com
C0045,Shanaya Chadha,9.18272E+11,zarabuch@gmail.com
C0046,Tarini Iyengar,9.16927E+11,kairakeer@gmail.com
C0047,Ishita Choudhry,9.1979E+11,vaidyavanya@gmail.com
C0048,Ojas Krishnan,9.19456E+11,ckulkarni@gmail.com
C0049,Ivan Shanker,9.19281E+11,pariborah@gmail.com
C0050,Manjari Kota,9.1976E+11,ryanvenkatesh@gmail.com
C0051,Baiju Anne,9.16828E+11,adirakumer@gmail.com
C0052,Misha Deshpande,9.19911E+11,isachar@gmail.com
C0053,Divyansh Dhaliwal,9.19297E+11,chowdhuryyashvi@gmail.com
C0054,Ivana Srivastava,9.19511E+11,chandrakanav@gmail.com
C0055,Advika Sharma,9.16186E+11,hchakrabarti@gmail.com
C0056,Vardaniya Halder,9.18216E+11,grewalritvik@gmail.com
C0057,Oorja Buch,9.18298E+11,manjarishanker@gmail.com
C0058,Himmat Chaudhary,9.17271E+11,rsubramaniam@gmail.com
C0059,Jivin Madan,9.19478E+11,ubuch@gmail.com
C0060,Divyansh Dutta,9.19772E+11,rhea37@gmail.com
C0061,Adah Bains,9.17346E+11,divyanshhans@gmail.com
C0062,Saanvi Vasa,9.18517E+11,wmalhotra@gmail.com
C0063,Yasmin Mangal,9.1753E+11,nayantara23@gmail.com
C0064,Damini Kala,9.16656E+11,nishith80@gmail.com
C0065,Shaan Batta,9.1685E+11,gopalayesha@gmail.com
C0066,Amira Ravel,9.17776E+11,aayushshan@gmail.com
C0067,Faiyaz Dave,9.17079E+11,okaran@gmail.com
C0068,Vedika Gokhale,9.17658E+11,gulatisuhana@gmail.com
C0069,Elakshi Dutta,9.16195E+11,amiradeep@gmail.com
C0070,Sana Kapadia,9.17612E+11,vlad@gmail.com
C0071,Samiha Sankar,9.18587E+11,keyachaudhry@gmail.com
C0072,Krish Chaudhari,9.17191E+11,dharmajanthakkar@gmail.com
C0073,Lakshit Kaur,9.16775E+11,zdey@gmail.com
C0074,Mohanlal Ben,9.18274E+11,nayantaradubey@gmail.com
C0075,Navya Doctor,9.1768E+11,drishyachaudhuri@gmail.com
C0076,Myra Sani,9.17032E+11,shayakghose@gmail.com
C0077,Arnav Yohannan,9.16572E+11,hchandra@gmail.com
C0078,Kimaya Tiwari,9.1698E+11,nirvaanvarty@gmail.com
C0079,Vidur Bajaj,9.18676E+11,kannannayantara@gmail.com
C0080,Nayantara Ahluwalia,9.17354E+11,yuvraj-20@gmail.com
C0081,Shray Loyal,9.17561E+11,wadhwabhavin@gmail.com
C0082,Aayush Soni,9.18184E+11,badal17@gmail.com
C0083,Yuvraj  Hora,9.18511E+11,shalv05@gmail.com
C0084,Lagan Hayre,9.16423E+11,kborah@gmail.com
C0085,Hazel Sood,9.16126E+11,manikyalala@gmail.com
C0086,Yuvaan Chaudhuri,9.18364E+11,rohansachar@gmail.com
C0087,Yakshit Bhargava,9.16627E+11,sumergopal@gmail.com
C0088,Bhavin Dash,9.18704E+11,nakulchowdhury@gmail.com
C0089,Zaina Walia,9.19307E+11,eva91@gmail.com
C0090,Rohan Suresh,9.17513E+11,vbir@gmail.com
C0091,Piya Banik,9.16309E+11,andrainaaya@gmail.com
C0092,Divyansh Cherian,9.18256E+11,mgoda@gmail.com
C0093,Yasmin Loyal,9.19648E+11,armaanraj@gmail.com
C0094,Tushar Kata,9.18636E+11,darshit93@gmail.com
C0095,Ranbir Sahota,9.19491E+11,sachdevsaksham@gmail.com
C0096,Kartik Shanker,9.17663E+11,samiha18@gmail.com
C0097,Manjari Bala,9.17834E+11,dasmiraan@gmail.com
C0098,Priyansh Dutt,9.19462E+11,bdass@gmail.com
C0099,Anika Dutt,9.18138E+11,chopranavya@gmail.com
C0100,Ishita Agrawal,9.16564E+11,yakshitdin@gmail.com
C0101,Purab Bansal,9.16244E+11,manifaiyaz@gmail.com
C0102,Riya Bedi,9.17195E+11,xloke@gmail.com
C0103,Jayant Baral,9.19796E+11,valakabir@gmail.com
C0104,Jhanvi Hegde,9.18386E+11,kartikedwin@gmail.com
C0105,Kismat Sharaf,9.16048E+11,kashvisodhi@gmail.com
C0106,Kaira Ghosh,9.18355E+11,sumershanker@gmail.com
C0107,Lavanya Lall,9.16748E+11,vidur16@gmail.com
C0108,Vihaan Trivedi,9.17941E+11,iseth@gmail.com
C0109,Eva Subramanian,9.18744E+11,randra@gmail.com
C0110,Mahika Dara,9.17902E+11,amira63@gmail.com
C0111,Nirvi Mahajan,9.16502E+11,stuvansehgal@gmail.com
C0112,Ojas Kumar,9.16623E+11,xagrawal@gmail.com
C0113,Saanvi Khatri,9.17208E+11,chopranakul@gmail.com
C0114,Diya Kade,9.18226E+11,subramaniananahi@gmail.com
C0115,Onkar Butala,9.17098E+11,rdivan@gmail.com
C0116,Nakul Iyengar,9.17088E+11,riaan24@gmail.com
C0117,Damini Mallick,9.1637E+11,jsoni@gmail.com
C0118,Elakshi Aggarwal,9.16648E+11,tara27@gmail.com
C0119,Tara Bava,9.19676E+11,parinaaz84@gmail.com
C0120,Sana Tripathi,9.17645E+11,kavya19@gmail.com
C0121,Pari Sood,9.1907E+11,kimayagera@gmail.com
C0122,Faiyaz Shankar,9.1736E+11,devanshramanathan@gmail.com
C0123,Kimaya Dalal,9.19367E+11,oorja07@gmail.com
C0124,Lakshit Halder,9.1868E+11,batramahika@gmail.com
C0125,Raghav Sabharwal,9.16847E+11,pdevi@gmail.com
C0126,Miraan Tripathi,9.19528E+11,zdara@gmail.com
C0127,Aaina Vig,9.18435E+11,lavanyachaudhry@gmail.com
C0128,Darshit Keer,9.17947E+11,shankartanya@gmail.com
C0129,Yakshit Manda,9.17994E+11,pdhingra@gmail.com
C0130,Bhavin Bhattacharyya,9.17365E+11,rhea36@gmail.com
C0131,Zaina Kumar,9.19698E+11,sarafmiraan@gmail.com
C0132,Ivan Aggarwal,9.19929E+11,anaya55@gmail.com
C0133,Eva Chandra,9.16622E+11,riyer@gmail.com
C0134,Dhanush Bhalla,9.19124E+11,adahsekhon@gmail.com
C0135,Jayant Bansal,9.1922E+11,dhruv78@gmail.com
C0136,Divij Rastogi,9.17895E+11,onkar65@gmail.com
C0137,Pari Bassi,9.19061E+11,azad17@gmail.com
C0138,Lakshay Batra,9.1911E+11,rajagopalanadvik@gmail.com
C0139,Ayesha Sane,9.1802E+11,gatik91@gmail.com
C0140,Shlok Mani,9.19144E+11,kthaman@gmail.com
C0141,Arhaan Sandal,9.17194E+11,balakhushi@gmail.com
C0142,Lagan Luthra,9.17532E+11,ganesanmisha@gmail.com
C0143,Fateh Sabharwal,9.18239E+11,ycherian@gmail.com
C0144,Aarush Sarraf,9.19468E+11,saksham58@gmail.com
C0145,Himmat Sandhu,9.1901E+11,dhruvwagle@gmail.com
C0146,Alisha Bath,9.19106E+11,shalvaurora@gmail.com
C0147,Dishani Hari,9.19602E+11,kavyabala@gmail.com
C0148,Kanav Dani,9.19201E+11,ira20@gmail.com
C0149,Seher Bora,9.19527E+11,ckar@gmail.com
C0150,Shanaya Solanki,9.18941E+11,mannat35@gmail.com
C0151,Himmat Baral,9.18739E+11,kavya06@gmail.com
C0152,Tanya Lall,9.1655E+11,evaraj@gmail.com
C0153,Azad Bal,9.17538E+11,contractorsahil@gmail.com
C0154,Farhan Ramaswamy,9.17715E+11,swali@gmail.com
C0155,Fateh Sur,9.17259E+11,veer01@gmail.com
C0156,Kimaya Varkey,9.16938E+11,jayan78@gmail.com
C0157,Abram Kaur,9.1803E+11,raunak17@gmail.com
C0158,Zara Bala,9.16253E+11,ela08@gmail.com
C0159,Mannat Sarma,9.19961E+11,raojayesh@gmail.com
C0160,Anay Halder,9.19847E+11,nitya72@gmail.com
C0161,Kiaan Borde,9.18655E+11,shalvghose@gmail.com
C0162,Anahita Chopra,9.19023E+11,yasmin97@gmail.com
C0163,Bhavin Lalla,9.17949E+11,johalaniruddh@gmail.com
C0164,Aaina Lata,9.18733E+11,divyansh94@gmail.com
C0165,Krish Lal,9.18004E+11,pariraju@gmail.com
C0166,Vaibhav Seshadri,9.18614E+11,ssharma@gmail.com
C0167,Ojas Gera,9.18258E+11,yuvaanandra@gmail.com
C0168,Zoya Sarraf,9.16285E+11,aaina28@gmail.com
C0169,Saksham Singh,9.16064E+11,dhanush56@gmail.com
C0170,Rohan Dhawan,9.16802E+11,evaseth@gmail.com
C0171,Jayesh Chad,9.1756E+11,kimayasagar@gmail.com
C0172,Indrans Dass,9.18075E+11,ivan39@gmail.com
C0173,Jiya Sama,9.18916E+11,fkhalsa@gmail.com
C0174,Drishya Warrior,9.17479E+11,shethprerak@gmail.com
C0175,Ivan Ramanathan,9.19359E+11,okrishna@gmail.com
C0176,Ehsaan Golla,9.17215E+11,jbhatti@gmail.com
C0177,Tarini Subramanian,9.17423E+11,avarughese@gmail.com
C0178,Kashvi Bail,9.18235E+11,yuvaan91@gmail.com
C0179,Manjari Ahuja,9.17367E+11,chaudharisiya@gmail.com
C0180,Sara Som,9.17829E+11,vivaankulkarni@gmail.com
C0181,Keya Sridhar,9.18761E+11,singhalnishith@gmail.com
C0182,Fateh Krishna,9.17898E+11,vsolanki@gmail.com
C0183,Mannat Mallick,9.19055E+11,balamanikya@gmail.com
C0184,Priyansh Chakrabarti,9.19586E+11,irabhagat@gmail.com
C0185,Raghav Gole,9.17851E+11,kashvilad@gmail.com
C0186,Hrishita Bora,9.19911E+11,hanshsama@gmail.com
C0187,Vaibhav Barman,9.19062E+11,dhans@gmail.com
C0188,Rania Dewan,9.18779E+11,faiyaz08@gmail.com
C0189,Aniruddh Lad,9.17888E+11,baradriya@gmail.com
C0190,Aarav Krishna,9.18324E+11,sanekismat@gmail.com
C0191,Khushi Dhillon,9.16187E+11,prisha13@gmail.com
C0192,Miraan Saxena,9.16779E+11,sakshamrajagopalan@gmail.com
C0193,Aaina Dutt,9.17719E+11,ayeshakashyap@gmail.com
C0194,Hazel Gopal,9.18974E+11,aarnachaudhari@gmail.com
C0195,Sahil Bhandari,9.19146E+11,stuvanviswanathan@gmail.com
C0196,Mannat Borah,9.16721E+11,anvi78@gmail.com
C0197,Tushar Verma,9.16149E+11,pihudey@gmail.com
C0198,Miraya Ram,9.18888E+11,tara35@gmail.com
C0199,Taran Kala,9.18431E+11,mamootydash@gmail.com
C0200,Anahita Shah,9.18035E+11,cdesai@gmail.com
C0201,Hansh Comar,9.18066E+11,jayantrout@gmail.com
C0202,Ivan Vaidya,9.17551E+11,umangraman@gmail.com
C0203,Shaan Bedi,9.16148E+11,ahana-85@gmail.com
C0204,Rohan Bahl,9.17252E+11,eshanirastogi@gmail.com
C0205,Neelofar Amble,9.19659E+11,mehul37@gmail.com
C0206,Lagan Kibe,9.18049E+11,mirayabarad@gmail.com
C0207,Diya Gaba,9.1763E+11,tejasbumb@gmail.com
C0208,Kimaya Cherian,9.17223E+11,madhuphegde@gmail.com
C0209,Hazel Sharaf,9.17806E+11,aroratara@gmail.com
C0210,Suhana Kurian,9.19824E+11,behldishani@gmail.com
C0211,Zain Khatri,9.18452E+11,lakshit23@gmail.com
C0212,Gokul Madan,9.1821E+11,biju19@gmail.com
C0213,Jhanvi Bumb,9.19096E+11,lakshit59@gmail.com
C0214,Neelofar Choudhry,9.1664E+11,vihaan96@gmail.com
C0215,Yashvi Balay,9.18192E+11,ckuruvilla@gmail.com
C0216,Jayan Dada,9.18889E+11,ushan@gmail.com
C0217,Tara Jani,9.17426E+11,yakshit24@gmail.com
C0218,Armaan Apte,9.19668E+11,chokshisahil@gmail.com
C0219,Prisha Bahl,9.16387E+11,kotharianika@gmail.com
C0220,Eshani Sem,9.19077E+11,sankarvritika@gmail.com
C0221,Mehul Sastry,9.17789E+11,sana53@gmail.com
C0222,Madhav Bora,9.17979E+11,sarawagle@gmail.com
C0223,Aniruddh Rajagopalan,9.17661E+11,uthkarsh37@gmail.com
C0224,Neelofar Bhakta,9.19647E+11,armaangokhale@gmail.com
C0225,Heer Ramesh,9.1942E+11,dishanichowdhury@gmail.com
C0226,Mahika Barad,9.18323E+11,csom@gmail.com
C0227,Yuvaan Chanda,9.18685E+11,pranaykari@gmail.com
C0228,Pranay Dayal,9.19035E+11,pchoudhary@gmail.com
C0229,Lakshay Rau,9.17706E+11,qratta@gmail.com
C0230,Tara Choudhry,9.16308E+11,riaan74@gmail.com
C0231,Damini Lanka,9.18159E+11,madhavlata@gmail.com
C0232,Prisha Shroff,9.18762E+11,qbajwa@gmail.com
C0233,Amani Banik,9.18789E+11,nayantarashere@gmail.com
C0234,Ishaan Thaker,9.1785E+11,odutta@gmail.com
C0235,Shlok Amble,9.16935E+11,aniruddh19@gmail.com
C0236,Anahita Chaudhary,9.18522E+11,saraarya@gmail.com
C0237,Uthkarsh Chaudhari,9.18836E+11,pbhalla@gmail.com
C0238,Indrans Chad,9.16116E+11,kulkarnifarhan@gmail.com
C0239,Anya Madan,9.18875E+11,trisha45@gmail.com
C0240,Neysa Rout,9.17099E+11,qsrinivas@gmail.com
C0241,Samaira Soman,9.18498E+11,kabirbuch@gmail.com
C0242,Indrans Chandran,9.1645E+11,yuvraj-majumdar@gmail.com
C0243,Suhana Master,9.18939E+11,nitara63@gmail.com
C0244,Shaan Soman,9.17953E+11,uchad@gmail.com
C0245,Vidur Anand,9.1663E+11,saksham47@gmail.com
C0246,Miraya Sengupta,9.17333E+11,sanabanerjee@gmail.com
C0247,Nirvaan Baria,9.16843E+11,sahaanaya@gmail.com
C0248,Aaryahi Bandi,9.17281E+11,kumarneysa@gmail.com
C0249,Riya Mannan,9.16209E+11,viswanathanivana@gmail.com
C0250,Abram Borde,9.19858E+11,pihudevi@gmail.com
C0251,Jhanvi Karan,9.18041E+11,keya37@gmail.com
C0252,Veer Barad,9.17411E+11,indranssundaram@gmail.com
C0253,Diya Kunda,9.17783E+11,berakismat@gmail.com
C0254,Nayantara Bawa,9.18879E+11,kapadiadishani@gmail.com
C0255,Yuvaan Kant,9.17195E+11,raghavbarad@gmail.com
C0256,Anika Apte,9.18367E+11,baiju64@gmail.com
C0257,Amira Shere,9.16402E+11,bajajlavanya@gmail.com
C0258,Baiju Jani,9.18938E+11,anayavarughese@gmail.com
C0259,Priyansh Kumar,9.17238E+11,aayushluthra@gmail.com
C0260,Riaan Vyas,9.19891E+11,varmarenee@gmail.com
C0261,Manjari Ganguly,9.18193E+11,dhawanaarav@gmail.com
C0262,Lavanya Lal,9.17989E+11,ybhatia@gmail.com
C0263,Saanvi Sibal,9.18816E+11,hdayal@gmail.com
C0264,Jivin Choudhry,9.19472E+11,lankaira@gmail.com
C0265,Nehmat Warrior,9.19047E+11,misha16@gmail.com
C0266,Bhavin Sibal,9.182E+11,adah84@gmail.com
C0267,Zaina Shere,9.18074E+11,neysagala@gmail.com
C0268,Prerak Hari,9.16378E+11,hiranacharya@gmail.com
C0269,Eshani Ratti,9.18857E+11,ykant@gmail.com
C0270,Vidur Sawhney,9.17328E+11,pranayramanathan@gmail.com
C0271,Akarsh Saini,9.19025E+11,xtailor@gmail.com
C0272,Tara Bhakta,9.16574E+11,waliazoya@gmail.com
C0273,Misha Sarma,9.17922E+11,mishti13@gmail.com
C0274,Amani Kumar,9.1647E+11,rajansamar@gmail.com
C0275,Akarsh Bajwa,9.18823E+11,kadakiazara@gmail.com
C0276,Dharmajan Mangal,9.19043E+11,wwadhwa@gmail.com
C0277,Romil Ramesh,9.16122E+11,abramsom@gmail.com
C0278,Ritvik Wali,9.17701E+11,nayantara72@gmail.com
C0279,Amira Bhalla,9.19144E+11,saranvritika@gmail.com
C0280,Gokul Tiwari,9.17123E+11,tejasben@gmail.com
C0281,Dhanuk Chakraborty,9.19231E+11,nityaborde@gmail.com
C0282,Mannat Hayre,9.17354E+11,onkarvala@gmail.com
C0283,Samiha Korpal,9.17106E+11,parinaazbera@gmail.com
C0284,Bhavin Sarna,9.17765E+11,manderahana@gmail.com
C0285,Eshani Goyal,9.17533E+11,trama@gmail.com
C0286,Tiya Manda,9.16136E+11,zara45@gmail.com
C0287,Indranil Chakrabarti,9.16302E+11,kimaya80@gmail.com
C0288,Baiju Kulkarni,9.19947E+11,charmannat@gmail.com
C0289,Dhanuk Mangat,9.16373E+11,divansaanvi@gmail.com
C0290,Sahil Ganguly,9.18083E+11,mahalakarsh@gmail.com
C0291,Dishani Setty,9.16337E+11,vermashlok@gmail.com
C0292,Gatik Mahajan,9.18893E+11,tankojas@gmail.com
C0293,Onkar Sha,9.16508E+11,csane@gmail.com
C0294,Badal Dara,9.18581E+11,gokul70@gmail.com
C0295,Aaina Bhatia,9.19652E+11,zoyahegde@gmail.com
C0296,Biju Raman,9.18531E+11,mahikadani@gmail.com
C0297,Bhamini Samra,9.19407E+11,indransdasgupta@gmail.com
C0298,Nirvaan Ramaswamy,9.16297E+11,kaurora@gmail.com
C0299,Kaira Chahal,9.16433E+11,hunar45@gmail.com
C0300,Hrishita Sant,9.19391E+11,bhavin40@gmail.com
C0301,Vanya Walla,9.17984E+11,ira27@gmail.com
C0302,Ivan Das,9.18449E+11,elakshiyadav@gmail.com
C0303,Pari Grewal,9.17084E+11,dkanda@gmail.com
C0304,Nishith Talwar,9.19973E+11,mbava@gmail.com
C0305,Madhup Sama,9.16995E+11,kartik15@gmail.com
C0306,Heer Kata,9.18749E+11,ebahri@gmail.com
C0307,Jayesh Chand,9.16944E+11,sagaranvi@gmail.com
C0308,Zaina Yogi,9.16516E+11,ojasvenkatesh@gmail.com
C0309,Mishti Kunda,9.17133E+11,dharmajan86@gmail.com
C0310,Tiya Dewan,9.16582E+11,kallakabir@gmail.com
C0311,Anahita Sankaran,9.17186E+11,vritika56@gmail.com
C0312,Shray Kota,9.18171E+11,aainabansal@gmail.com
C0313,Chirag Sura,9.18009E+11,yadavbhamini@gmail.com
C0314,Saanvi Rau,9.16106E+11,vasavritika@gmail.com
C0315,Chirag Trivedi,9.19905E+11,tushar95@gmail.com
C0316,Drishya Shere,9.1711E+11,tejas21@gmail.com
C0317,Neelofar Khatri,9.16415E+11,senguptasaira@gmail.com
C0318,Mamooty Cheema,9.16117E+11,ssen@gmail.com
C0319,Nitara Handa,9.16705E+11,chanderanvi@gmail.com
C0320,Manjari Madan,9.18732E+11,saranvaibhav@gmail.com
C0321,Seher Wali,9.17608E+11,aarushagarwal@gmail.com
C0322,Aayush Bali,9.18916E+11,mandaira@gmail.com
C0323,Tarini Konda,9.17233E+11,cdevi@gmail.com
C0324,Vanya Sachdev,9.16184E+11,bbrahmbhatt@gmail.com
C0325,Reyansh Dubey,9.18319E+11,vsidhu@gmail.com
C0326,Adira Batta,9.17962E+11,ykhare@gmail.com
C0327,Eva Verma,9.16205E+11,misha45@gmail.com
C0328,Anaya Kala,9.1826E+11,kotaaarush@gmail.com
C0329,Divit Khanna,9.19535E+11,hchand@gmail.com
C0330,Navya Boase,9.18298E+11,reyanshgrewal@gmail.com
C0331,Kashvi Chauhan,9.16346E+11,ranbirbiswas@gmail.com
C0332,Taran Sunder,9.19258E+11,birdivit@gmail.com
C0333,Fateh Varghese,9.16235E+11,krishnaanvi@gmail.com
C0334,Kaira Khosla,9.19984E+11,kbatra@gmail.com
C0335,Aarna Mander,9.17354E+11,obakshi@gmail.com
C0336,Kiaan Raju,9.16809E+11,rramakrishnan@gmail.com
C0337,Kabir Kale,9.18401E+11,arhaan96@gmail.com
C0338,Advika Venkatesh,9.17073E+11,kanavrajagopalan@gmail.com
C0339,Saira Borra,9.18421E+11,rattaaradhya@gmail.com
C0340,Zara Zacharia,9.19186E+11,gmallick@gmail.com
C0341,Yuvaan Krishnan,9.19861E+11,vkota@gmail.com
C0342,Priyansh Kuruvilla,9.19419E+11,anyabadal@gmail.com
C0343,Ranbir Gupta,9.17483E+11,kumermishti@gmail.com
C0344,Hazel Lad,9.1925E+11,nehmatbalasubramanian@gmail.com
C0345,Divyansh Sura,9.18573E+11,qchada@gmail.com
C0346,Aniruddh Bedi,9.18184E+11,shanaya72@gmail.com
C0347,Adah Chanda,9.18963E+11,chaudrysana@gmail.com
C0348,Arnav Agarwal,9.19357E+11,edeo@gmail.com
C0349,Shalv Sandhu,9.17526E+11,eva56@gmail.com
C0350,Kabir Vohra,9.17517E+11,kadegokul@gmail.com
C0351,Yuvaan Dube,9.18258E+11,sekhonzara@gmail.com
C0352,Vedika Dave,9.16811E+11,maharajkaira@gmail.com
C0353,Trisha Mannan,9.1822E+11,saanvi23@gmail.com
C0354,Urvi Sangha,9.17779E+11,hbhatti@gmail.com
C0355,Mahika Saxena,9.1962E+11,sarnajivin@gmail.com
C0356,Arhaan Bhatnagar,9.16014E+11,danimanjari@gmail.com
C0357,Eshani Kanda,9.18096E+11,dishani64@gmail.com
C0358,Nirvi Luthra,9.1852E+11,pramakrishnan@gmail.com
C0359,Riaan Bala,9.17794E+11,sarrafpranay@gmail.com
C0360,Hrishita Mander,9.16552E+11,tsani@gmail.com
C0361,Dhruv Apte,9.17595E+11,wbajwa@gmail.com
C0362,Indrans Srinivas,9.17352E+11,anika14@gmail.com
C0363,Eshani Sharaf,9.16263E+11,nsastry@gmail.com
C0364,Sana Salvi,9.17358E+11,abram61@gmail.com
C0365,Piya Konda,9.18369E+11,dhingraeshani@gmail.com
C0366,Manjari Bhagat,9.17821E+11,sherecharvi@gmail.com
C0367,Jivika Mani,9.17263E+11,deyyasmin@gmail.com
C0368,Neysa Sami,9.18758E+11,tankneysa@gmail.com
C0369,Ivan Saini,9.16428E+11,yasmindar@gmail.com
C0370,Dharmajan Kara,9.19393E+11,waliaanya@gmail.com
C0371,Dhruv Sama,9.16806E+11,hthakur@gmail.com
C0372,Taran Thakur,9.19393E+11,pchanda@gmail.com
C0373,Aaryahi Kari,9.18939E+11,himmatbhalla@gmail.com
C0374,Zain Karpe,9.19502E+11,baijukalita@gmail.com
C0375,Navya Borah,9.1967E+11,blata@gmail.com
C0376,Ira Shukla,9.17471E+11,cwable@gmail.com
C0377,Ishita Tella,9.18509E+11,siya66@gmail.com
C0378,Kashvi Bhatti,9.17964E+11,cshere@gmail.com
C0379,Aradhya Dara,9.16637E+11,emir65@gmail.com
C0380,Sara Sahota,9.16911E+11,nehmat96@gmail.com
C0381,Tejas Choudhury,9.19908E+11,amirabarad@gmail.com
C0382,Vritika Sachdev,9.19414E+11,chandnakul@gmail.com
C0383,Taran Anne,9.1954E+11,bhavin49@gmail.com
C0384,Kimaya Sidhu,9.19937E+11,qbhasin@gmail.com
C0385,Rasha Bhat,9.16164E+11,cheemaanvi@gmail.com
C0386,Aarav Vora,9.19507E+11,ddin@gmail.com
C0387,Stuvan Dalal,9.17961E+11,choprazeeshan@gmail.com
C0388,Anay Ganguly,9.17704E+11,bsandal@gmail.com
C0389,Hazel Swamy,9.19158E+11,myradin@gmail.com
C0390,Eva Mander,9.19887E+11,taran33@gmail.com
C0391,Ivan Chacko,9.16865E+11,buchnishith@gmail.com
C0392,Jivin Srinivasan,9.17977E+11,fdube@gmail.com
C0393,Pari Vala,9.19064E+11,saraftushar@gmail.com
C0394,Kiaan Sengupta,9.1741E+11,miraya43@gmail.com
C0395,Ehsaan Ratti,9.16177E+11,anaya50@gmail.com
C0396,Samiha Magar,9.16967E+11,farhan72@gmail.com
C0397,Zeeshan Baria,9.16995E+11,upadhyaymanjari@gmail.com
C0398,Madhup Dutt,9.17752E+11,boramannat@gmail.com
C0399,Sumer Majumdar,9.16391E+11,vanya91@gmail.com
C0400,Tara Balan,9.18183E+11,ehsaan92@gmail.com
C0401,Devansh Badal,9.1961E+11,borrakismat@gmail.com
C0402,Kiara Ramanathan,9.18791E+11,nirvaanratta@gmail.com
C0403,Diya Ratti,9.1812E+11,krishnamurthyarmaan@gmail.com
C0404,Himmat Upadhyay,9.17942E+11,ttara@gmail.com
C0405,Zara Khanna,9.16831E+11,armaandube@gmail.com
C0406,Kartik Varughese,9.16581E+11,pchad@gmail.com
C0407,Armaan Batta,9.17494E+11,mammensana@gmail.com
C0408,Advik Sundaram,9.19378E+11,krish69@gmail.com
C0409,Samiha Suri,9.16927E+11,ekurian@gmail.com
C0410,Prerak Upadhyay,9.1725E+11,tusharratta@gmail.com
C0411,Anika Kamdar,9.18036E+11,elakshi59@gmail.com
C0412,Vivaan Mander,9.18631E+11,mahalanahita@gmail.com
C0413,Zoya Kara,9.16178E+11,salvifateh@gmail.com
C0414,Shalv Varghese,9.16076E+11,ybera@gmail.com
C0415,Alisha Dubey,9.19742E+11,qsodhi@gmail.com
C0416,Zeeshan Ratti,9.16884E+11,dkashyap@gmail.com
C0417,Miraan Solanki,9.16785E+11,magarheer@gmail.com
C0418,Ahana  Bhattacharyya,9.19188E+11,jhanvitella@gmail.com
C0419,Navya Krishnan,9.17892E+11,sankarjivika@gmail.com
C0420,Rasha Lalla,9.18579E+11,vaibhav54@gmail.com
C0421,Seher Wali,9.18098E+11,ojasratti@gmail.com
C0422,Riaan Halder,9.16196E+11,fhora@gmail.com
C0423,Sumer Sarna,9.19461E+11,dkhatri@gmail.com
C0424,Prerak Toor,9.18611E+11,indrans50@gmail.com
C0425,Tanya Rajagopal,9.19833E+11,kuruvillaayesha@gmail.com
C0426,Drishya Soni,9.17434E+11,mehul03@gmail.com
C0427,Badal Brahmbhatt,9.17137E+11,faiyaz47@gmail.com
C0428,Sara Bali,9.18564E+11,isawhney@gmail.com
C0429,Indranil Madan,9.19693E+11,zchawla@gmail.com
C0430,Miraya Bahl,9.17064E+11,kanavsharaf@gmail.com
C0431,Zara Chopra,9.17211E+11,kapurpihu@gmail.com
C0432,Kashvi Bahl,9.17481E+11,eshani83@gmail.com
C0433,Anahita Rattan,9.19508E+11,settymishti@gmail.com
C0434,Lakshit Chopra,9.16052E+11,kumardiya@gmail.com
C0435,Aaryahi Krishna,9.17536E+11,arnav83@gmail.com
C0436,Bhamini Dave,9.19627E+11,amani10@gmail.com
C0437,Samarth Soman,9.16506E+11,suranitya@gmail.com
C0438,Nitya Savant,9.17391E+11,nmannan@gmail.com
C0439,Adira De,9.16676E+11,schakrabarti@gmail.com
C0440,Miraan Guha,9.17165E+11,udewan@gmail.com
C0441,Lakshay Sankar,9.17081E+11,jramesh@gmail.com
C0442,Indrans Sarma,9.18998E+11,alia83@gmail.com
C0443,Shray Halder,9.19904E+11,himmathora@gmail.com
C0444,Eva Thakkar,9.17659E+11,fdhingra@gmail.com
C0445,Hridaan Soni,9.16339E+11,ela50@gmail.com
C0446,Onkar Hari,9.19167E+11,tanya70@gmail.com
C0447,Kiaan Sinha,9.1834E+11,tejas88@gmail.com
C0448,Tara Magar,9.19952E+11,siya92@gmail.com
C0449,Nayantara Salvi,9.1815E+11,gokhalejivin@gmail.com
C0450,Mamooty Sahota,9.19428E+11,zghose@gmail.com
C0451,Charvi Savant,9.18186E+11,banikhazel@gmail.com
C0452,Navya Sidhu,9.18682E+11,raghav31@gmail.com
C0453,Ela Taneja,9.16831E+11,aaryahibrahmbhatt@gmail.com
C0454,Raunak Karan,9.17356E+11,nirvi83@gmail.com
C0455,Shlok Zacharia,9.17313E+11,fchoudhary@gmail.com
C0456,Ojas Dar,9.19063E+11,vohrapari@gmail.com
C0457,Abram Mannan,9.1994E+11,divyanshratta@gmail.com
C0458,Anya Bala,9.19351E+11,duttdamini@gmail.com
C0459,Baiju Banik,9.1988E+11,aarna86@gmail.com
C0460,Sara Koshy,9.17335E+11,braman@gmail.com
C0461,Inaaya  Raj,9.16926E+11,cchatterjee@gmail.com
C0462,Vaibhav Sami,9.16522E+11,abram91@gmail.com
C0463,Yuvraj  Vaidya,9.18878E+11,shamikchhabra@gmail.com
C0464,Anika Bath,9.18813E+11,oravi@gmail.com
C0465,Indrajit Bava,9.18669E+11,shayak10@gmail.com
C0466,Ritvik Shroff,9.17071E+11,aaryahi84@gmail.com
C0467,Aarav Soman,9.1631E+11,ggoel@gmail.com
C0468,Mishti Srinivasan,9.19319E+11,xbose@gmail.com
C0469,Pihu Dhaliwal,9.19906E+11,gbhardwaj@gmail.com
C0470,Shalv Brahmbhatt,9.19211E+11,vchopra@gmail.com
C0471,Vritika Hora,9.19177E+11,dramaswamy@gmail.com
C0472,Tiya Bassi,9.16367E+11,dugaldhruv@gmail.com
C0473,Charvi Sheth,9.16336E+11,ayesharamesh@gmail.com
C0474,Inaaya  Chauhan,9.19686E+11,samaonkar@gmail.com
C0475,Rasha Tripathi,9.17237E+11,vanya22@gmail.com
C0476,Umang Agate,9.19371E+11,hbehl@gmail.com
C0477,Riya Butala,9.19786E+11,pbhargava@gmail.com
C0478,Hrishita Som,9.17281E+11,mahajanjiya@gmail.com
C0479,Drishya Deo,9.17266E+11,shaan68@gmail.com
C0480,Ishita Bir,9.19186E+11,mangatsiya@gmail.com
C0481,Advik Jani,9.19251E+11,umangkurian@gmail.com
C0482,Amira Manne,9.16981E+11,vigzaina@gmail.com
C0483,Shalv Kara,9.19079E+11,ryandhaliwal@gmail.com
C0484,Emir Dutta,9.16856E+11,semalia@gmail.com
C0485,Mahika Seshadri,9.19318E+11,ramareyansh@gmail.com
C0486,Samaira Kumar,9.16004E+11,pranay27@gmail.com
C0487,Vidur Dave,9.18507E+11,yakshitvala@gmail.com
C0488,Heer Date,9.16986E+11,seher41@gmail.com
C0489,Samar Tak,9.16081E+11,armaan22@gmail.com
C0490,Uthkarsh Kakar,9.16843E+11,bathsana@gmail.com
C0491,Aarav Chaudhry,9.16174E+11,neysajha@gmail.com
C0492,Aarav Krish,9.16467E+11,ggill@gmail.com
C0493,Trisha Bhat,9.19214E+11,inaaya-ben@gmail.com
C0494,Reyansh Bhakta,9.16088E+11,tarini62@gmail.com
C0495,Yasmin Khosla,9.19424E+11,irade@gmail.com
C0496,Alia Bora,9.18251E+11,sinhasuhana@gmail.com
C0497,Pari Gala,9.18727E+11,japte@gmail.com
C0498,Samaira Sampath,9.17277E+11,rameshadvika@gmail.com
C0499,Nitya Gara,9.18847E+11,kalaemir@gmail.com
C0500,Aarav Raval,9.17033E+11,csood@gmail.com
C0501,Hansh Raju,9.19019E+11,shaanbhargava@gmail.com
C0502,Samiha Keer,9.17768E+11,xjayaraman@gmail.com
C0503,Ayesha Dayal,9.16015E+11,sanishayak@gmail.com
C0504,Misha Contractor,9.16796E+11,zeeshanvaidya@gmail.com
C0505,Nehmat Dar,9.1698E+11,kadenavya@gmail.com
C0506,Anahita Lata,9.16859E+11,azadde@gmail.com
C0507,Prisha Mane,9.18777E+11,eshanisarna@gmail.com
C0508,Shalv Choudhry,9.17999E+11,ybhasin@gmail.com
C0509,Madhav Sarkar,9.18054E+11,ladlagan@gmail.com
C0510,Tara Ramanathan,9.1994E+11,baiju81@gmail.com
C0511,Tanya Goda,9.18393E+11,lakshitlata@gmail.com
C0512,Zeeshan Ramanathan,9.19457E+11,vmani@gmail.com
C0513,Samar Swaminathan,9.19974E+11,myravenkatesh@gmail.com
C0514,Samiha Dayal,9.18928E+11,sahil36@gmail.com
C0515,Amani Dugal,9.16684E+11,aaryahibatra@gmail.com
C0516,Mehul Goswami,9.18912E+11,chadshamik@gmail.com
C0517,Ranbir Kaul,9.18534E+11,okurian@gmail.com
C0518,Miraya Agate,9.16856E+11,zeeshansetty@gmail.com
C0519,Mohanlal Datta,9.17452E+11,sahil00@gmail.com
C0520,Misha Sahni,9.18698E+11,takdhanush@gmail.com
C0521,Prerak Lanka,9.19748E+11,hazel00@gmail.com
C0522,Vidur Wagle,9.19519E+11,wtella@gmail.com
C0523,Aarush Baria,9.18369E+11,vedika33@gmail.com
C0524,Anya Biswas,9.16723E+11,kabirsani@gmail.com
C0525,Azad Wali,9.18128E+11,stuvanben@gmail.com
C0526,Nitara Warrior,9.16363E+11,doctorraghav@gmail.com
C0527,Adira Kadakia,9.17235E+11,ranbirboase@gmail.com
C0528,Rati Bhardwaj,9.16209E+11,tejaswarrior@gmail.com
C0529,Madhav Sarma,9.18654E+11,dixitanya@gmail.com
C0530,Ranbir Varma,9.16187E+11,lakshit08@gmail.com
C0531,Kabir Balakrishnan,9.18185E+11,bbansal@gmail.com
C0532,Samiha Master,9.18499E+11,samihadate@gmail.com
C0533,Shanaya Krish,9.19544E+11,saanvivyas@gmail.com
C0534,Gokul Ben,9.16055E+11,jayeshwable@gmail.com
C0535,Aniruddh Rout,9.18583E+11,sethisuhana@gmail.com
C0536,Akarsh Date,9.16398E+11,faiyaz17@gmail.com
C0537,Armaan Borah,9.17453E+11,miraya06@gmail.com
C0538,Nishith Ram,9.1887E+11,vivaangarde@gmail.com
C0539,Elakshi Trivedi,9.19995E+11,vigarmaan@gmail.com
C0540,Stuvan Sandal,9.16688E+11,dhruvbansal@gmail.com
C0541,Gokul Master,9.18189E+11,amira68@gmail.com
C0542,Mannat Desai,9.16927E+11,rasha54@gmail.com
C0543,Zaina Srinivas,9.18944E+11,nrege@gmail.com
C0544,Tara Dar,9.16632E+11,raunak23@gmail.com
C0545,Shray Mahal,9.18784E+11,psinha@gmail.com
C0546,Samarth Dutt,9.16368E+11,surishaan@gmail.com
C0547,Kiara Som,9.16139E+11,kkorpal@gmail.com
C0548,Tarini Chandra,9.19623E+11,indrans64@gmail.com
C0549,Suhana Kakar,9.17458E+11,qlala@gmail.com
C0550,Nayantara Ranganathan,9.18776E+11,hrishitasoman@gmail.com
C0551,Yuvraj  Bora,9.16054E+11,prerakwable@gmail.com
C0552,Dhanush Sehgal,9.17984E+11,reyanshganesan@gmail.com
C0553,Jayant Saraf,9.17682E+11,onkar40@gmail.com
C0554,Suhana Wali,9.17983E+11,manjaridoctor@gmail.com
C0555,Khushi Badal,9.16859E+11,gatikdara@gmail.com
C0556,Hridaan Ben,9.16206E+11,eshani74@gmail.com
C0557,Prerak Virk,9.18381E+11,sana50@gmail.com
C0558,Badal Kala,9.1605E+11,gatik49@gmail.com
C0559,Dhanuk D’Alia,9.17059E+11,jhanvi48@gmail.com
C0560,Tarini Kadakia,9.18145E+11,anikasant@gmail.com
C0561,Anay Kanda,9.19345E+11,azadbhatti@gmail.com
C0562,Shlok Chada,9.18943E+11,godaanvi@gmail.com
C0563,Khushi Lall,9.18313E+11,johalraunak@gmail.com
C0564,Renee Salvi,9.18688E+11,htara@gmail.com
C0565,Arhaan Bera,9.16081E+11,reneegoel@gmail.com
C0566,Armaan Cherian,9.18304E+11,tgill@gmail.com
C0567,Jhanvi Bhandari,9.19208E+11,syogi@gmail.com
C0568,Romil Ahuja,9.17508E+11,samarth94@gmail.com
C0569,Neelofar Date,9.18141E+11,chaddhanuk@gmail.com
C0570,Anaya Kumer,9.18879E+11,duttafaiyaz@gmail.com
C0571,Oorja Tank,9.16872E+11,doratanya@gmail.com
C0572,Romil Sidhu,9.19697E+11,kotaela@gmail.com
C0573,Kiaan Raj,9.19046E+11,romilverma@gmail.com
C0574,Jivin Varghese,9.19485E+11,jivin82@gmail.com
C0575,Kimaya Yohannan,9.17364E+11,raunakbobal@gmail.com
C0576,Gatik Mani,9.16952E+11,elakshibhagat@gmail.com
C0577,Rhea Handa,9.16694E+11,chhabratejas@gmail.com
C0578,Hrishita Kakar,9.19856E+11,kaulinaaya@gmail.com
C0579,Trisha Kakar,9.18643E+11,dsuri@gmail.com
C0580,Sana Venkatesh,9.17838E+11,zachariahnitya@gmail.com
C0581,Nitya Sampath,9.19478E+11,advikkrishnan@gmail.com
C0582,Shaan Batta,9.16223E+11,tushar33@gmail.com
C0583,Zeeshan Choudhary,9.19912E+11,imalhotra@gmail.com
C0584,Inaaya  Banerjee,9.18147E+11,trisha93@gmail.com
C0585,Kanav Mangal,9.17317E+11,oorjaamble@gmail.com
C0586,Emir Bandi,9.16711E+11,bkonda@gmail.com
C0587,Yashvi Kala,9.17776E+11,anay73@gmail.com
C0588,Nitara Gala,9.19309E+11,khushisheth@gmail.com
C0589,Ivana Tripathi,9.17034E+11,jayanbahri@gmail.com
C0590,Jayan Loke,9.19043E+11,mbhalla@gmail.com
C0591,Vihaan Sengupta,9.19455E+11,yuvaan41@gmail.com
C0592,Nitara Koshy,9.18783E+11,tarini42@gmail.com
C0593,Anahita Ramachandran,9.17255E+11,emir60@gmail.com
C0594,Kanav Balay,9.17657E+11,jaggisiya@gmail.com
C0595,Anaya Bir,9.19838E+11,gokul21@gmail.com
C0596,Mahika Shah,9.17458E+11,inaaya-issac@gmail.com
C0597,Prisha Swaminathan,9.16382E+11,farhanrajagopal@gmail.com
C0598,Nishith Sidhu,9.17056E+11,manikanav@gmail.com
C0599,Trisha Sanghvi,9.18701E+11,groveroorja@gmail.com
C0600,Lagan Sarna,9.17736E+11,arnav61@gmail.com
C0601,Misha Karnik,9.18235E+11,mehul28@gmail.com
C0602,Siya Johal,9.19163E+11,madhup97@gmail.com
C0603,Lakshay Kanda,9.16667E+11,kiaan49@gmail.com
C0604,Rati Gara,9.1768E+11,yadavfateh@gmail.com
C0605,Riya Jha,9.18655E+11,mahikaravel@gmail.com
C0606,Darshit Vig,9.19924E+11,akamdar@gmail.com
C0607,Fateh Setty,9.19018E+11,jguha@gmail.com
C0608,Tiya Madan,9.17909E+11,shaan69@gmail.com
C0609,Parinaaz Deo,9.16372E+11,uhanda@gmail.com
C0610,Taran Dhar,9.17056E+11,mangalsamar@gmail.com
C0611,Zain Ganesan,9.17553E+11,sahaanahi@gmail.com
C0612,Amira Gala,9.17792E+11,vjohal@gmail.com
C0613,Damini Yohannan,9.1725E+11,gsankaran@gmail.com
C0614,Anahi Sankaran,9.19108E+11,saksham94@gmail.com
C0615,Anahita Sur,9.1984E+11,kandasana@gmail.com
C0616,Eva Din,9.16867E+11,jtak@gmail.com
C0617,Sara Shroff,9.16977E+11,anaya05@gmail.com
C0618,Badal Edwin,9.17196E+11,rchaudhuri@gmail.com
C0619,Umang Dora,9.18418E+11,priyanshdhillon@gmail.com
C0620,Khushi Apte,9.1855E+11,divit63@gmail.com
C0621,Vanya Swaminathan,9.16633E+11,prerakvarghese@gmail.com
C0622,Gatik Karpe,9.17474E+11,qdar@gmail.com
C0623,Tara Rao,9.17008E+11,trajagopal@gmail.com
C0624,Jayesh Rout,9.18219E+11,borrajiya@gmail.com
C0625,Ishita Soman,9.16895E+11,choudharymamooty@gmail.com
C0626,Mohanlal Iyer,9.18118E+11,sidhukiaan@gmail.com
C0627,Yakshit Dugar,9.19903E+11,samarth99@gmail.com
C0628,Nakul D’Alia,9.16458E+11,ebir@gmail.com
C0629,Alisha Rama,9.18867E+11,nbhatt@gmail.com
C0630,Jayant Sandal,9.19508E+11,htella@gmail.com
C0631,Drishya Master,9.17318E+11,navyasrivastava@gmail.com
C0632,Zeeshan Sharma,9.16291E+11,mkeer@gmail.com
C0633,Tanya Zacharia,9.17859E+11,navyaandra@gmail.com
C0634,Darshit Yogi,9.19325E+11,zeeshanboase@gmail.com
C0635,Mehul Rao,9.16335E+11,divit49@gmail.com
C0636,Ranbir Batra,9.16086E+11,nitara69@gmail.com
C0637,Yuvraj  Goswami,9.18723E+11,borrapriyansh@gmail.com
C0638,Saira Sarraf,9.17338E+11,kartiktata@gmail.com
C0639,Tiya Bal,9.17664E+11,chaudharivedika@gmail.com
C0640,Gokul Ratta,9.16918E+11,riaandin@gmail.com
C0641,Ayesha Chaudry,9.19995E+11,rashaissac@gmail.com
C0642,Ayesha Dora,9.17397E+11,ksingh@gmail.com
C0643,Sara Rau,9.16217E+11,boasesamiha@gmail.com
C0644,Saanvi Kurian,9.18719E+11,hanshvohra@gmail.com
C0645,Ira Rajagopal,9.16776E+11,smahal@gmail.com
C0646,Misha Wali,9.16081E+11,divitjohal@gmail.com
C0647,Jhanvi Sheth,9.18023E+11,lakshay46@gmail.com
C0648,Khushi Chada,9.1853E+11,tejas23@gmail.com
C0649,Anahi Randhawa,9.16681E+11,fateh81@gmail.com
C0650,Kiara Doshi,9.16452E+11,badalchaudry@gmail.com
C0651,Hunar Ramesh,9.19588E+11,bhattacharyyazara@gmail.com
C0652,Purab Venkatesh,9.16277E+11,qwarrior@gmail.com
C0653,Bhamini Kohli,9.16872E+11,sekhonnitara@gmail.com
C0654,Aaina Raj,9.17668E+11,battaromil@gmail.com
C0655,Aradhya Chakrabarti,9.19287E+11,osaran@gmail.com
C0656,Saksham Venkatesh,9.19161E+11,tejasmangal@gmail.com
C0657,Rohan Mallick,9.17631E+11,hborra@gmail.com
C0658,Arhaan Chatterjee,9.1953E+11,shuklaamira@gmail.com
C0659,Seher Madan,9.17579E+11,neysa70@gmail.com
C0660,Adah Jaggi,9.17532E+11,anay66@gmail.com
C0661,Nishith Kapoor,9.19077E+11,chiragbail@gmail.com
C0662,Mannat Vora,9.19475E+11,kalakismat@gmail.com
C0663,Bhavin Sankaran,9.17087E+11,taimurkaran@gmail.com
C0664,Navya Saraf,9.16419E+11,purab02@gmail.com
C0665,Reyansh Ganesh,9.19066E+11,golakimaya@gmail.com
C0666,Aaina Saha,9.19516E+11,pkhatri@gmail.com
C0667,Shlok Dhawan,9.17295E+11,shaan77@gmail.com
C0668,Gatik Ray,9.17649E+11,inaaya-04@gmail.com
C0669,Tarini Sarin,9.16439E+11,esankaran@gmail.com
C0670,Urvi Warrior,9.17866E+11,kanav32@gmail.com
C0671,Farhan Varughese,9.1858E+11,kiaan26@gmail.com
C0672,Abram Kala,9.18285E+11,sanebaiju@gmail.com
C0673,Vedika Kala,9.16261E+11,manetiya@gmail.com
C0674,Sahil Ahluwalia,9.16384E+11,anahi75@gmail.com
C0675,Kaira Lad,9.16555E+11,saira56@gmail.com
C0676,Bhamini Balasubramanian,9.19892E+11,shray68@gmail.com
C0677,Badal Setty,9.1787E+11,jayantgarg@gmail.com
C0678,Farhan Ahuja,9.18055E+11,thakkargatik@gmail.com
C0679,Nehmat Kala,9.19775E+11,ivana48@gmail.com
C0680,Dhanush Bali,9.16757E+11,sahnikeya@gmail.com
C0681,Eva Khanna,9.16158E+11,ubhat@gmail.com
C0682,Miraya Bhasin,9.19785E+11,saranbaiju@gmail.com
C0683,Ehsaan Sunder,9.17466E+11,ttara@gmail.com
C0684,Raghav Mani,9.18076E+11,gatikbalay@gmail.com
C0685,Tarini Aggarwal,9.16441E+11,emir25@gmail.com
C0686,Rasha Bhargava,9.1729E+11,farhan60@gmail.com
C0687,Oorja Varkey,9.16316E+11,jivika69@gmail.com
C0688,Dhanuk D’Alia,9.19491E+11,aaina17@gmail.com
C0689,Shlok Mall,9.18237E+11,armaan76@gmail.com
C0690,Romil Buch,9.18236E+11,warriorjayesh@gmail.com
C0691,Renee Datta,9.19835E+11,khushi53@gmail.com
C0692,Anvi Chaudhuri,9.19437E+11,chawlaindranil@gmail.com
C0693,Tanya Sundaram,9.17673E+11,ekannan@gmail.com
C0694,Vedika Sanghvi,9.19765E+11,bhamini18@gmail.com
C0695,Dharmajan Dey,9.19636E+11,vedika92@gmail.com
C0696,Nayantara Sheth,9.19367E+11,zgrewal@gmail.com
C0697,Anahi Chowdhury,9.18161E+11,tdani@gmail.com
C0698,Onkar Chana,9.18232E+11,edwinpriyansh@gmail.com
C0699,Badal Desai,9.1982E+11,hunar62@gmail.com
C0700,Nirvi Borde,9.16227E+11,kbath@gmail.com
C0701,Tushar Manda,9.17132E+11,ghoshlagan@gmail.com
C0702,Vihaan Khurana,9.16237E+11,ehsaanraval@gmail.com
C0703,Parinaaz Chakrabarti,9.18212E+11,shamikdasgupta@gmail.com
C0704,Samaira Batra,9.19824E+11,xkalita@gmail.com
C0705,Anaya Gera,9.1821E+11,bhayer@gmail.com
C0706,Prisha Behl,9.19318E+11,ela37@gmail.com
C0707,Taimur Dada,9.16646E+11,shaan53@gmail.com
C0708,Anika Venkatesh,9.18401E+11,seher61@gmail.com
C0709,Vivaan Vasa,9.19308E+11,sankarkaira@gmail.com
C0710,Ojas Varghese,9.17412E+11,boramisha@gmail.com
C0711,Hunar Kashyap,9.187E+11,kartikchakraborty@gmail.com
C0712,Amira Arya,9.18531E+11,trishasuresh@gmail.com
C0713,Zeeshan Kannan,9.18895E+11,dugarkhushi@gmail.com
C0714,Ivana Basak,9.19408E+11,singhalvedika@gmail.com
C0715,Dhanuk Hegde,9.1902E+11,karfateh@gmail.com
C0716,Vritika Ganguly,9.16666E+11,adira29@gmail.com
C0717,Stuvan Barman,9.19485E+11,birvardaniya@gmail.com
C0718,Onkar Kumer,9.17416E+11,pkota@gmail.com
C0719,Shamik Warrior,9.17758E+11,farhanchahal@gmail.com
C0720,Riya Batra,9.18693E+11,gganguly@gmail.com
C0721,Tiya Sur,9.18079E+11,rattadamini@gmail.com
C0722,Rhea Kibe,9.17981E+11,divannishith@gmail.com
C0723,Badal Khatri,9.18511E+11,aradhya94@gmail.com
C0724,Elakshi Bedi,9.193E+11,trisha34@gmail.com
C0725,Nitara Raj,9.17086E+11,gulatinehmat@gmail.com
C0726,Madhup Krishnamurthy,9.18279E+11,pihurajagopal@gmail.com
C0727,Uthkarsh Talwar,9.17257E+11,ftrivedi@gmail.com
C0728,Kaira Arya,9.18993E+11,ravalindrajit@gmail.com
C0729,Samarth Contractor,9.18152E+11,shaan47@gmail.com
C0730,Shalv Bansal,9.17034E+11,hunar31@gmail.com
C0731,Indrajit Krish,9.1656E+11,nmangal@gmail.com
C0732,Aaina Kar,9.1659E+11,ccontractor@gmail.com
C0733,Kabir Chawla,9.19332E+11,ravikismat@gmail.com
C0734,Misha Din,9.16123E+11,qdugal@gmail.com
C0735,Trisha Andra,9.18928E+11,samarbarman@gmail.com
C0736,Aayush Basak,9.18519E+11,evajani@gmail.com
C0737,Gatik Chaudry,9.16474E+11,sana77@gmail.com
C0738,Jivika Suresh,9.19546E+11,baradkavya@gmail.com
C0739,Nakul Sharma,9.19254E+11,arnavsawhney@gmail.com
C0740,Eva Ranganathan,9.16203E+11,grovertiya@gmail.com
C0741,Mannat Kant,9.16367E+11,neysa05@gmail.com
C0742,Faiyaz Kari,9.17066E+11,otank@gmail.com
C0743,Diya Seshadri,9.19007E+11,rasha96@gmail.com
C0744,Ishaan Bhardwaj,9.18907E+11,duttasamar@gmail.com
C0745,Vivaan Majumdar,9.18181E+11,romilzachariah@gmail.com
C0746,Nehmat Sheth,9.16053E+11,whayre@gmail.com
C0747,Adira Shere,9.16956E+11,inaaya-dada@gmail.com
C0748,Indrans Kumer,9.16877E+11,kantabram@gmail.com
C0749,Zain Roy,9.17223E+11,riaandin@gmail.com
C0750,Amani Kaul,9.18634E+11,eva91@gmail.com
C0751,Aarush Badal,9.19299E+11,qtoor@gmail.com
C0752,Onkar Anand,9.16527E+11,amira36@gmail.com
C0753,Taran Kade,9.1987E+11,parinaazbedi@gmail.com
C0754,Samiha Kohli,9.19883E+11,sjha@gmail.com
C0755,Hridaan Lad,9.17325E+11,yuvraj-bhat@gmail.com
C0756,Ryan Dash,9.16926E+11,cwali@gmail.com
C0757,Arhaan Dua,9.16406E+11,vartypiya@gmail.com
C0758,Anahi Balay,9.16566E+11,bshankar@gmail.com
C0759,Gokul Varty,9.18186E+11,yashviverma@gmail.com
C0760,Raghav Wagle,9.16365E+11,andrasaksham@gmail.com
C0761,Jayesh Sarkar,9.19043E+11,ganeshbhamini@gmail.com
C0762,Yasmin Das,9.17718E+11,basuyashvi@gmail.com
C0763,Yasmin Koshy,9.17315E+11,zain40@gmail.com
C0764,Hridaan Bajaj,9.18852E+11,kartikbadal@gmail.com
C0765,Elakshi Chada,9.16711E+11,hansh17@gmail.com
C0766,Drishya Mandal,9.16412E+11,vidur26@gmail.com
C0767,Mahika Jain,9.16202E+11,heermagar@gmail.com
C0768,Kanav Desai,9.16465E+11,chakrabortydarshit@gmail.com
C0769,Damini Bail,9.1803E+11,gvarty@gmail.com
C0770,Manikya Chada,9.1758E+11,jbasak@gmail.com
C0771,Yuvaan Tank,9.16853E+11,kamdardhruv@gmail.com
C0772,Raghav Dani,9.17298E+11,amiracherian@gmail.com
C0773,Ranbir Hayre,9.19117E+11,ritvikkumar@gmail.com
C0774,Trisha Taneja,9.17909E+11,bhamini90@gmail.com
C0775,Yuvaan Thaker,9.1835E+11,samihakota@gmail.com
C0776,Hazel Madan,9.17675E+11,uvala@gmail.com
C0777,Jhanvi Swaminathan,9.16289E+11,fcheema@gmail.com
C0778,Manikya Shah,9.19463E+11,balamanikya@gmail.com
C0779,Riya Mallick,9.16812E+11,maharajanaya@gmail.com
C0780,Saanvi Dey,9.16529E+11,aaina97@gmail.com
C0781,Vihaan Ranganathan,9.1803E+11,mannat88@gmail.com
C0782,Lakshit Bassi,9.18322E+11,chanaaniruddh@gmail.com
C0783,Rasha Rastogi,9.19908E+11,mandalyashvi@gmail.com
C0784,Faiyaz Mangat,9.16855E+11,chackotrisha@gmail.com
C0785,Dhruv Dixit,9.19547E+11,hansmisha@gmail.com
C0786,Shray Saini,9.1992E+11,irayadav@gmail.com
C0787,Ivan Bandi,9.17705E+11,anahitawali@gmail.com
C0788,Ehsaan Chowdhury,9.19662E+11,jhans@gmail.com
C0789,Keya Wable,9.16668E+11,wbal@gmail.com
C0790,Aaryahi Raman,9.18406E+11,neysabala@gmail.com
C0791,Alia Lad,9.19479E+11,chirag61@gmail.com
C0792,Shalv Khatri,9.16966E+11,mohanlaldugar@gmail.com
C0793,Ela Kohli,9.19831E+11,saranmannat@gmail.com
C0794,Yuvaan Barman,9.1968E+11,butalajiya@gmail.com
C0795,Stuvan Gokhale,9.17114E+11,onkar73@gmail.com
C0796,Taimur Vyas,9.1845E+11,ubalay@gmail.com
C0797,Jivin Wason,9.16037E+11,gyogi@gmail.com
C0798,Anika Chaudhuri,9.17632E+11,nakulshenoy@gmail.com
C0799,Raunak Dass,9.16773E+11,gandhikrish@gmail.com
C0800,Saanvi Bumb,9.16168E+11,dhanuk23@gmail.com
C0801,Madhav Bir,9.19485E+11,jhanvi62@gmail.com
C0802,Samaira Shroff,9.17444E+11,vidur85@gmail.com
C0803,Indranil Kala,9.17058E+11,mvarma@gmail.com
C0804,Yuvraj  Yohannan,9.18131E+11,tara64@gmail.com
C0805,Darshit Chakraborty,9.1911E+11,bhamini35@gmail.com
C0806,Neelofar Krishnan,9.19628E+11,tushar26@gmail.com
C0807,Aayush Yogi,9.18936E+11,bijusalvi@gmail.com
C0808,Anahi Divan,9.18383E+11,majumdarmiraan@gmail.com
C0809,Raghav Sha,9.1739E+11,ivanbanik@gmail.com
C0810,Kabir Varghese,9.17988E+11,gokulkaran@gmail.com
C0811,Advik Cherian,9.16971E+11,koshydivij@gmail.com
C0812,Shanaya Rama,9.19932E+11,dhanuk33@gmail.com
C0813,Lagan Keer,9.16223E+11,sachdevamannat@gmail.com
C0814,Lagan Iyengar,9.18631E+11,wallashray@gmail.com
C0815,Nirvi Dixit,9.1962E+11,dmaster@gmail.com
C0816,Nayantara Rattan,9.16077E+11,kartikbora@gmail.com
C0817,Nayantara Mand,9.17296E+11,galariya@gmail.com
C0818,Stuvan Bhakta,9.18918E+11,nirvaantaneja@gmail.com
C0819,Trisha Amble,9.19204E+11,mirayagola@gmail.com
C0820,Madhav Ramanathan,9.17602E+11,fvarma@gmail.com
C0821,Vanya Chauhan,9.16601E+11,shaan84@gmail.com
C0822,Vardaniya Singh,9.19911E+11,bathjivika@gmail.com
C0823,Ela Bhandari,9.17579E+11,ivanakhare@gmail.com
C0824,Priyansh Kaul,9.166E+11,rheaborde@gmail.com
C0825,Raunak Korpal,9.17442E+11,sainimanjari@gmail.com
C0826,Rohan Varkey,9.16299E+11,trisha77@gmail.com
C0827,Alia Hayre,9.1976E+11,elakshi08@gmail.com
C0828,Uthkarsh Goel,9.19306E+11,aarnabath@gmail.com
C0829,Shamik Baral,9.16467E+11,anaybatra@gmail.com
C0830,Baiju Kade,9.16883E+11,saksham67@gmail.com
C0831,Eva Sangha,9.16277E+11,vorasamar@gmail.com
C0832,Parinaaz Bajwa,9.19784E+11,saira17@gmail.com
C0833,Hridaan Badal,9.1719E+11,pvala@gmail.com
C0834,Pari Lalla,9.17017E+11,wablepriyansh@gmail.com
C0835,Suhana Sahni,9.19254E+11,nayantarajoshi@gmail.com
C0836,Heer Bala,9.19952E+11,agarwalhunar@gmail.com
C0837,Advik Andra,9.17859E+11,jhanvichauhan@gmail.com
C0838,Zain Bala,9.17981E+11,amanisuri@gmail.com
C0839,Lavanya Bera,9.17801E+11,divij07@gmail.com
C0840,Abram Balay,9.19353E+11,prishaborra@gmail.com
C0841,Lagan Manda,9.16684E+11,suhana73@gmail.com
C0842,Anahita Guha,9.1667E+11,rheabalay@gmail.com
C0843,Sahil Thakkar,9.18658E+11,diyachaudhuri@gmail.com
C0844,Pranay Dubey,9.19913E+11,asoman@gmail.com
C0845,Divit Gour,9.19735E+11,emiragrawal@gmail.com
C0846,Kartik Goel,9.18217E+11,sahniehsaan@gmail.com
C0847,Divit Gokhale,9.1876E+11,aarna35@gmail.com
C0848,Damini Chawla,9.17774E+11,jayanbrar@gmail.com
C0849,Anvi Badal,9.1961E+11,vkhalsa@gmail.com
C0850,Arnav Sha,9.17975E+11,hmalhotra@gmail.com
C0851,Urvi Sane,9.19E+11,aayushbajaj@gmail.com
C0852,Zaina Varghese,9.19917E+11,hayrejayan@gmail.com
C0853,Vivaan Sanghvi,9.18544E+11,lagan04@gmail.com
C0854,Mehul Sagar,9.1868E+11,jivindevi@gmail.com
C0855,Zain Gade,9.19995E+11,ytak@gmail.com
C0856,Saira Sunder,9.16109E+11,kaulnirvi@gmail.com
C0857,Advik Zacharia,9.16125E+11,vyasnakul@gmail.com
C0858,Arhaan Sarna,9.16433E+11,tmahajan@gmail.com
C0859,Armaan Toor,9.17587E+11,gandhiazad@gmail.com
C0860,Zeeshan Garde,9.18192E+11,hchad@gmail.com
C0861,Zaina Kaul,9.16669E+11,adah69@gmail.com
C0862,Veer Hans,9.16474E+11,baralela@gmail.com
C0863,Jivika Aurora,9.18738E+11,ivankarnik@gmail.com
C0864,Kartik Deshmukh,9.1871E+11,lmanne@gmail.com
C0865,Zaina Sanghvi,9.17686E+11,anahi82@gmail.com
C0866,Kismat Aurora,9.16938E+11,lbasu@gmail.com
C0867,Hazel Barman,9.18334E+11,sarrafdivyansh@gmail.com
C0868,Tiya Ray,9.19222E+11,devansh97@gmail.com
C0869,Mamooty Arora,9.18098E+11,shahmehul@gmail.com
C0870,Vanya Batra,9.18384E+11,indrajit43@gmail.com
C0871,Navya Ganguly,9.19624E+11,daminiarya@gmail.com
C0872,Dhruv Issac,9.18306E+11,sherejivin@gmail.com
C0873,Seher Chaudhary,9.18033E+11,rasha99@gmail.com
C0874,Darshit Kothari,9.18003E+11,jayaramangokul@gmail.com
C0875,Neysa Das,9.18904E+11,purab44@gmail.com
C0876,Jivin Loke,9.16613E+11,chahaljayesh@gmail.com
C0877,Prisha Edwin,9.18406E+11,nitara42@gmail.com
C0878,Taimur Iyengar,9.18106E+11,qkuruvilla@gmail.com
C0879,Saksham Mangal,9.17096E+11,bchandra@gmail.com
C0880,Ritvik Anne,9.17511E+11,salvinirvaan@gmail.com
C0881,Heer Tella,9.16656E+11,indrans50@gmail.com
C0882,Rohan Luthra,9.17603E+11,walihridaan@gmail.com
C0883,Pihu Wable,9.17096E+11,saniojas@gmail.com
C0884,Divyansh Ganguly,9.19884E+11,kadetrisha@gmail.com
C0885,Ojas Dalal,9.16282E+11,himmatbaral@gmail.com
C0886,Ishaan Wali,9.19382E+11,johalsuhana@gmail.com
C0887,Shanaya Borah,9.17562E+11,samarthhegde@gmail.com
C0888,Vidur Maharaj,9.16093E+11,gsubramanian@gmail.com
C0889,Keya Raman,9.193E+11,lagankeer@gmail.com
C0890,Shalv Choudhary,9.19118E+11,sarinaniruddh@gmail.com
C0891,Anaya Chaudhari,9.16726E+11,krishnansuhana@gmail.com
C0892,Trisha Jain,9.17381E+11,ivanswamy@gmail.com
C0893,Darshit Kohli,9.16939E+11,jdalia@gmail.com
C0894,Veer Golla,9.19145E+11,kchoudhary@gmail.com
C0895,Samarth Sathe,9.17412E+11,kiarabatra@gmail.com
C0896,Akarsh Soni,9.18213E+11,balriya@gmail.com
C0897,Kimaya Kannan,9.18805E+11,anahitabasak@gmail.com
C0898,Ahana  Ravel,9.17815E+11,bwable@gmail.com
C0899,Hridaan Bumb,9.18291E+11,riya19@gmail.com
C0900,Oorja Goyal,9.16506E+11,hbhagat@gmail.com
C0901,Kartik Gulati,9.18156E+11,mishtidugar@gmail.com
C0902,Tanya Sama,9.1877E+11,sidhumohanlal@gmail.com
C0903,Umang Dutt,9.17476E+11,sunderazad@gmail.com
C0904,Nitara Khare,9.18778E+11,jivikasinha@gmail.com
C0905,Anaya Dube,9.19231E+11,krout@gmail.com
C0906,Jhanvi Dixit,9.16637E+11,ukade@gmail.com
C0907,Rati Bala,9.17434E+11,jayangill@gmail.com
C0908,Anvi Koshy,9.1885E+11,nshroff@gmail.com
C0909,Anay Barad,9.19867E+11,azadvenkataraman@gmail.com
C0910,Faiyaz Sant,9.19617E+11,surabiju@gmail.com
C0911,Vihaan Kadakia,9.17117E+11,fiyer@gmail.com
C0912,Jayesh Dyal,9.17906E+11,dugartrisha@gmail.com
C0913,Tushar Bawa,9.18272E+11,dharmajan64@gmail.com
C0914,Ela Kurian,9.18099E+11,aarav14@gmail.com
C0915,Aayush Khurana,9.19424E+11,gdua@gmail.com
C0916,Prisha Srivastava,9.18048E+11,divyansh88@gmail.com
C0917,Zoya Basu,9.19913E+11,wgupta@gmail.com
C0918,Reyansh Bhardwaj,9.19533E+11,mohanlaluppal@gmail.com
C0919,Urvi Anne,9.1785E+11,handapihu@gmail.com
C0920,Inaaya  Vaidya,9.18766E+11,raydhanush@gmail.com
C0921,Khushi Gill,9.1877E+11,sumermagar@gmail.com
C0922,Kiaan Ghosh,9.16637E+11,ramaswamydhanuk@gmail.com
C0923,Jhanvi Wadhwa,9.16345E+11,gkalla@gmail.com
C0924,Vedika Bera,9.18261E+11,rsubramanian@gmail.com
C0925,Rhea Dhawan,9.18021E+11,sbaria@gmail.com
C0926,Yashvi Verma,9.18332E+11,wgolla@gmail.com
C0927,Indrans Swaminathan,9.16146E+11,tsavant@gmail.com
C0928,Ira Grover,9.17514E+11,majumdarjiya@gmail.com
C0929,Vedika Sama,9.19312E+11,pihulala@gmail.com
C0930,Mishti Datta,9.16422E+11,vritika12@gmail.com
C0931,Badal Kaur,9.16646E+11,tejas70@gmail.com
C0932,Dhruv Dara,9.18136E+11,shlok93@gmail.com
C0933,Shlok Bandi,9.17998E+11,darshit64@gmail.com
C0934,Pranay Korpal,9.19285E+11,neelofarcontractor@gmail.com
C0935,Neysa Bobal,9.16845E+11,raumehul@gmail.com
C0936,Ahana  Dave,9.18511E+11,voradivij@gmail.com
C0937,Ranbir Dewan,9.17826E+11,prerakkulkarni@gmail.com
C0938,Lakshit Krishnamurthy,9.16821E+11,tejasbhavsar@gmail.com
C0939,Dhanush Iyer,9.1905E+11,graj@gmail.com
C0940,Alisha Tank,9.16323E+11,nshere@gmail.com
C0941,Anya Rao,9.16458E+11,rsrivastava@gmail.com
C0942,Indrajit Shere,9.18442E+11,dsibal@gmail.com
C0943,Kimaya Dugal,9.16417E+11,esidhu@gmail.com
C0944,Ira Majumdar,9.18283E+11,shalvkuruvilla@gmail.com
C0945,Shalv Dewan,9.18636E+11,bhattacharyyaela@gmail.com
C0946,Nitara Kar,9.17396E+11,kbansal@gmail.com
C0947,Kimaya Kadakia,9.18183E+11,farhan45@gmail.com
C0948,Kiara Deshmukh,9.18394E+11,jiya35@gmail.com
C0949,Yuvaan Lala,9.17858E+11,saravohra@gmail.com
C0950,Eshani Khare,9.17561E+11,taimur21@gmail.com
C0951,Saanvi Chhabra,9.16271E+11,yasmin30@gmail.com
C0952,Indrans Setty,9.16891E+11,qsrivastava@gmail.com
C0953,Yakshit Sodhi,9.16413E+11,kkant@gmail.com
C0954,Yasmin Das,9.1656E+11,himmatchacko@gmail.com
C0955,Azad Sem,9.1707E+11,ayesha01@gmail.com
C0956,Aradhya Lad,9.16275E+11,lavanyamall@gmail.com
C0957,Fateh Lad,9.1908E+11,varmamahika@gmail.com
C0958,Tarini Ravi,9.18248E+11,adira42@gmail.com
C0959,Riya Mann,9.16951E+11,venkateshneelofar@gmail.com
C0960,Vanya Dara,9.18763E+11,mohanlal85@gmail.com
C0961,Vaibhav Kohli,9.19921E+11,samairagara@gmail.com
C0962,Samar Gokhale,9.18829E+11,dhruv03@gmail.com
C0963,Mehul Borra,9.16392E+11,gabatiya@gmail.com
C0964,Hrishita Dubey,9.19064E+11,nayantara85@gmail.com
C0965,Krish Kapoor,9.17648E+11,reyansh54@gmail.com
C0966,Ela Acharya,9.17657E+11,irastogi@gmail.com
C0967,Vidur Seth,9.18148E+11,tailorkiaan@gmail.com
C0968,Renee D’Alia,9.16667E+11,royaarav@gmail.com
C0969,Umang Tara,9.16129E+11,mammencharvi@gmail.com
C0970,Raunak Amble,9.19882E+11,tripathiriya@gmail.com
C0971,Mamooty Gade,9.17638E+11,skata@gmail.com
C0972,Darshit Butala,9.19833E+11,sridhartara@gmail.com
C0973,Ivan Gokhale,9.1648E+11,shaangola@gmail.com
C0974,Darshit Chaudhry,9.18427E+11,umangdeep@gmail.com
C0975,Nishith Dhar,9.17084E+11,vvarma@gmail.com
C0976,Shamik Sule,9.16051E+11,lbora@gmail.com
C0977,Saira Kapur,9.18296E+11,tdey@gmail.com
C0978,Keya Sachdeva,9.19539E+11,dyaltaimur@gmail.com
C0979,Jivin Kadakia,9.19326E+11,bajajindrans@gmail.com
C0980,Eva Chatterjee,9.18762E+11,rravel@gmail.com
C0981,Kaira Deol,9.16004E+11,srivastavamisha@gmail.com
C0982,Shanaya Luthra,9.16868E+11,purab46@gmail.com
C0983,Vaibhav Mani,9.18501E+11,manjari19@gmail.com
C0984,Uthkarsh Gill,9.1678E+11,ritviklata@gmail.com
C0985,Abram Deol,9.18225E+11,onkarborde@gmail.com
C0986,Raunak Borah,9.19494E+11,grewalurvi@gmail.com
C0987,Dhruv Bhattacharyya,9.17823E+11,qissac@gmail.com
C0988,Vaibhav Sampath,9.16389E+11,taimur49@gmail.com
C0989,Jivika Ramaswamy,9.16377E+11,etrivedi@gmail.com
C0990,Aniruddh Dave,9.18652E+11,farhan76@gmail.com
C0991,Shalv Vala,9.16286E+11,trishaagrawal@gmail.com
C0992,Diya Datta,9.16424E+11,goswaminehmat@gmail.com
C0993,Sara Rout,9.17504E+11,dkoshy@gmail.com
C0994,Anika Rama,9.18144E+11,hrishita51@gmail.com
C0995,Shayak Agrawal,9.19952E+11,vkuruvilla@gmail.com
C0996,Jayant Bhavsar,9.16561E+11,myramajumdar@gmail.com
C0997,Seher Vala,9.17366E+11,kabirdoctor@gmail.com
C0998,Diya Shroff,9.16162E+11,gborra@gmail.com
C0999,Zara Chhabra,9.19647E+11,faurora@gmail.com
C1000,Yashvi Baria,9.17231E+11,etrivedi@gmail.com
C1001,Yashvi Baria,9.17231E+11,etrivedi@gmail.com
