OrderID,CustomerID,OrderDate
O00001,C0277,16-04-2025
O00002,C0935,24-01-2025
O00003,C0424,01-12-2024
O00004,C0365,28-01-2025
O00005,C0867,17-05-2025
O00006,C0545,09-03-2025
O00007,C0304,04-01-2025
O00008,C0193,23-07-2025
O00009,C0946,13-02-2025
O00010,C0094,17-05-2025
O00011,C0732,27-12-2024
O00012,C0329,05-03-2025
O00013,C0913,14-11-2024
O00014,C0283,26-08-2025
O00015,C0195,08-11-2024
O00016,C0527,02-05-2025
O00017,C0363,05-09-2024
O00018,C0378,05-05-2025
O00019,C0430,22-05-2025
O00020,C0244,07-02-2025
O00021,C0288,11-03-2025
O00022,C0672,06-06-2025
O00023,C0338,26-08-2025
O00024,C0387,24-01-2025
O00025,C0022,02-03-2025
O00026,C0847,20-09-2024
O00027,C0804,29-09-2024
O00028,C0332,11-09-2024
O00029,C0418,30-07-2025
O00030,C0689,19-05-2025
O00031,C0946,06-01-2025
O00032,C0868,27-07-2025
O00033,C0988,20-08-2025
O00034,C0903,13-01-2025
O00035,C0420,02-10-2024
O00036,C0337,23-02-2025
O00037,C0787,20-02-2025
O00038,C0016,30-05-2025
O00039,C0190,25-01-2025
O00040,C0050,18-07-2025
O00041,C0448,06-10-2024
O00042,C0763,05-02-2025
O00043,C0045,18-07-2025
O00044,C0456,05-11-2024
O00045,C0919,08-01-2025
O00046,C0824,31-12-2024
O00047,C0149,26-02-2025
O00048,C0397,13-02-2025
O00049,C0615,08-01-2025
O00050,C0108,10-05-2025
O00051,C0292,16-07-2025
O00052,C0310,13-07-2025
O00053,C0607,21-03-2025
O00054,C0687,12-01-2025
O00055,C0451,07-02-2025
O00056,C0177,06-10-2024
O00057,C0941,04-06-2025
O00058,C0899,03-02-2025
O00059,C0812,29-12-2024
O00060,C0425,09-07-2025
O00061,C0763,01-01-2025
O00062,C0033,13-11-2024
O00063,C0372,31-10-2024
O00064,C0905,21-02-2025
O00065,C0604,25-03-2025
O00066,C0968,15-03-2025
O00067,C0596,11-07-2025
O00068,C0568,13-11-2024
O00069,C0590,08-07-2025
O00070,C0757,23-02-2025
O00071,C0543,16-05-2025
O00072,C0205,04-11-2024
O00073,C0142,19-08-2025
O00074,C0257,26-02-2025
O00075,C0402,03-07-2025
O00076,C0502,21-11-2024
O00077,C0288,22-01-2025
O00078,C0607,14-11-2024
O00079,C0577,23-08-2025
O00080,C0220,18-01-2025
O00081,C0569,21-12-2024
O00082,C0563,19-05-2025
O00083,C0859,13-11-2024
O00084,C0635,07-04-2025
O00085,C0118,21-02-2025
O00086,C0403,26-10-2024
O00087,C0115,02-09-2025
O00088,C0512,23-11-2024
O00089,C0238,21-06-2025
O00090,C0041,02-06-2025
O00091,C0727,06-03-2025
O00092,C0963,10-10-2024
O00093,C0743,24-03-2025
O00094,C0885,21-01-2025
O00095,C0833,08-06-2025
O00096,C0930,12-11-2024
O00097,C0979,07-05-2025
O00098,C0290,08-09-2024
O00099,C0458,23-05-2025
O00100,C0835,03-05-2025
O00101,C0660,21-08-2025
O00102,C0013,27-02-2025
O00103,C0259,12-07-2025
O00104,C0374,05-10-2024
O00105,C0004,26-07-2025
O00106,C0484,24-01-2025
O00107,C0686,17-10-2024
O00108,C0063,16-03-2025
O00109,C0468,19-08-2025
O00110,C0563,23-09-2024
O00111,C0933,21-01-2025
O00112,C0599,14-08-2025
O00113,C0718,05-11-2024
O00114,C0696,05-09-2024
O00115,C0361,22-10-2024
O00116,C0819,30-10-2024
O00117,C0490,05-09-2025
O00118,C0268,18-01-2025
O00119,C0448,22-11-2024
O00120,C0321,28-07-2025
O00121,C0303,11-10-2024
O00122,C0543,25-07-2025
O00123,C0111,22-01-2025
O00124,C0527,23-06-2025
O00125,C0826,07-12-2024
O00126,C0477,16-09-2024
O00127,C0772,25-08-2025
O00128,C0221,14-01-2025
O00129,C0699,01-11-2024
O00130,C0064,08-04-2025
O00131,C0751,18-08-2025
O00132,C0043,22-11-2024
O00133,C0821,10-12-2024
O00134,C0434,20-12-2024
O00135,C0950,22-06-2025
O00136,C0697,31-03-2025
O00137,C0697,03-01-2025
O00138,C0897,20-10-2024
O00139,C0587,29-08-2025
O00140,C0122,03-09-2025
O00141,C0587,02-12-2024
O00142,C0672,26-03-2025
O00143,C0146,03-04-2025
O00144,C0658,29-09-2024
O00145,C0801,29-05-2025
O00146,C0446,24-04-2025
O00147,C0332,18-07-2025
O00148,C0113,30-10-2024
O00149,C0169,12-05-2025
O00150,C0303,10-02-2025
O00151,C0551,15-02-2025
O00152,C0474,06-12-2024
O00153,C0943,14-06-2025
O00154,C0751,05-05-2025
O00155,C0981,04-10-2024
O00156,C0987,01-10-2024
O00157,C0277,09-10-2024
O00158,C0039,13-09-2024
O00159,C0607,26-04-2025
O00160,C0982,27-02-2025
O00161,C0220,10-01-2025
O00162,C0009,30-09-2024
O00163,C0482,11-06-2025
O00164,C0172,16-04-2025
O00165,C0751,24-09-2024
O00166,C0151,05-09-2025
O00167,C0502,11-07-2025
O00168,C0930,23-09-2024
O00169,C0136,12-08-2025
O00170,C0121,12-05-2025
O00171,C0949,29-08-2025
O00172,C0099,27-10-2024
O00173,C0568,22-03-2025
O00174,C0812,23-04-2025
O00175,C0686,17-09-2024
O00176,C0618,19-08-2025
O00177,C0279,10-11-2024
O00178,C0757,25-11-2024
O00179,C0292,01-01-2025
O00180,C0931,21-09-2024
O00181,C0932,24-07-2025
O00182,C0147,14-12-2024
O00183,C0182,31-05-2025
O00184,C0668,16-05-2025
O00185,C0876,01-11-2024
O00186,C0460,13-04-2025
O00187,C0951,30-11-2024
O00188,C0016,11-05-2025
O00189,C0703,05-06-2025
O00190,C0838,06-08-2025
O00191,C0700,11-01-2025
O00192,C0963,27-08-2025
O00193,C0625,28-11-2024
O00194,C0531,30-05-2025
O00195,C0472,19-01-2025
O00196,C0177,18-01-2025
O00197,C0363,20-10-2024
O00198,C0279,08-09-2024
O00199,C0524,05-03-2025
O00200,C0442,22-04-2025
O00201,C0098,17-04-2025
O00202,C0935,27-08-2025
O00203,C0356,04-03-2025
O00204,C0172,20-04-2025
O00205,C0437,02-06-2025
O00206,C0561,24-04-2025
O00207,C0027,21-02-2025
O00208,C0085,25-06-2025
O00209,C0220,15-08-2025
O00210,C0691,18-02-2025
O00211,C0018,13-12-2024
O00212,C0603,18-04-2025
O00213,C0373,15-08-2025
O00214,C0337,24-10-2024
O00215,C0714,24-10-2024
O00216,C0184,09-06-2025
O00217,C0704,18-02-2025
O00218,C0776,19-02-2025
O00219,C0703,04-11-2024
O00220,C0439,28-02-2025
O00221,C0834,13-07-2025
O00222,C0376,13-11-2024
O00223,C0366,14-08-2025
O00224,C0178,16-02-2025
O00225,C0787,31-08-2025
O00226,C0677,04-03-2025
O00227,C0742,22-10-2024
O00228,C0639,03-12-2024
O00229,C0123,04-09-2025
O00230,C0207,03-03-2025
O00231,C0501,12-02-2025
O00232,C0207,05-11-2024
O00233,C0656,24-06-2025
O00234,C0743,24-02-2025
O00235,C0216,18-01-2025
O00236,C0300,20-02-2025
O00237,C0384,11-07-2025
O00238,C0068,04-06-2025
O00239,C0068,18-11-2024
O00240,C0398,29-06-2025
O00241,C0340,05-09-2024
O00242,C0944,19-07-2025
O00243,C0338,18-09-2024
O00244,C0176,15-12-2024
O00245,C0028,08-04-2025
O00246,C0996,04-12-2024
O00247,C0005,18-04-2025
O00248,C0143,20-07-2025
O00249,C0081,14-05-2025
O00250,C0609,20-06-2025
O00251,C0871,01-03-2025
O00252,C0497,02-11-2024
O00253,C0876,15-07-2025
O00254,C0106,04-08-2025
O00255,C0828,21-03-2025
O00256,C0246,25-03-2025
O00257,C0517,23-08-2025
O00258,C0048,09-07-2025
O00259,C0975,23-02-2025
O00260,C0157,27-12-2024
O00261,C0245,21-07-2025
O00262,C0213,14-10-2024
O00263,C0090,01-06-2025
O00264,C0688,12-07-2025
O00265,C0895,27-12-2024
O00266,C0999,28-02-2025
O00267,C0379,30-10-2024
O00268,C0763,08-10-2024
O00269,C0077,17-05-2025
O00270,C0139,01-03-2025
O00271,C0698,20-10-2024
O00272,C0604,19-01-2025
O00273,C0036,04-03-2025
O00274,C0393,19-11-2024
O00275,C0957,25-04-2025
O00276,C0596,27-07-2025
O00277,C0686,28-02-2025
O00278,C0616,28-05-2025
O00279,C0244,09-10-2024
O00280,C0421,09-02-2025
O00281,C0617,10-05-2025
O00282,C0826,09-09-2024
O00283,C0535,05-06-2025
O00284,C0354,15-08-2025
O00285,C0299,12-01-2025
O00286,C0069,21-12-2024
O00287,C0237,28-09-2024
O00288,C0759,28-05-2025
O00289,C0346,29-12-2024
O00290,C0212,27-08-2025
O00291,C0231,17-01-2025
O00292,C0601,02-11-2024
O00293,C0993,06-02-2025
O00294,C0560,28-09-2024
O00295,C0746,08-10-2024
O00296,C0751,16-09-2024
O00297,C0722,19-12-2024
O00298,C0351,28-10-2024
O00299,C0788,07-02-2025
O00300,C0114,07-10-2024
O00301,C0180,24-09-2024
O00302,C0702,24-03-2025
O00303,C0923,10-06-2025
O00304,C0953,19-03-2025
O00305,C0276,27-04-2025
O00306,C0269,26-07-2025
O00307,C0429,27-07-2025
O00308,C0861,24-06-2025
O00309,C0155,30-07-2025
O00310,C0238,08-07-2025
O00311,C0485,21-10-2024
O00312,C0953,02-02-2025
O00313,C0179,28-01-2025
O00314,C0085,25-05-2025
O00315,C0440,12-10-2024
O00316,C0892,23-10-2024
O00317,C0619,16-03-2025
O00318,C0425,17-12-2024
O00319,C0980,29-06-2025
O00320,C0061,14-07-2025
O00321,C0420,19-02-2025
O00322,C0608,19-11-2024
O00323,C0054,09-10-2024
O00324,C0396,21-07-2025
O00325,C0917,11-02-2025
O00326,C0779,15-03-2025
O00327,C0670,22-07-2025
O00328,C0483,12-06-2025
O00329,C0886,01-11-2024
O00330,C0901,26-08-2025
O00331,C0300,30-09-2024
O00332,C0511,15-12-2024
O00333,C0062,08-03-2025
O00334,C0375,23-01-2025
O00335,C0695,23-12-2024
O00336,C0741,22-02-2025
O00337,C0808,24-07-2025
O00338,C0653,08-06-2025
O00339,C0788,13-02-2025
O00340,C0352,08-09-2024
O00341,C0907,06-05-2025
O00342,C0611,10-12-2024
O00343,C0935,07-07-2025
O00344,C0478,02-04-2025
O00345,C0184,13-12-2024
O00346,C0617,14-06-2025
O00347,C0550,09-04-2025
O00348,C0085,23-10-2024
O00349,C0766,04-04-2025
O00350,C0411,29-06-2025
O00351,C0521,11-10-2024
O00352,C0039,11-12-2024
O00353,C0397,02-06-2025
O00354,C0097,23-06-2025
O00355,C0970,04-07-2025
O00356,C0365,06-08-2025
O00357,C0412,03-04-2025
O00358,C0700,21-01-2025
O00359,C0226,23-06-2025
O00360,C0317,03-06-2025
O00361,C0435,04-08-2025
O00362,C0979,12-04-2025
O00363,C0199,25-08-2025
O00364,C0085,20-11-2024
O00365,C0244,02-02-2025
O00366,C0311,29-06-2025
O00367,C0997,29-11-2024
O00368,C0658,26-02-2025
O00369,C0873,18-09-2024
O00370,C0415,25-08-2025
O00371,C0876,20-05-2025
O00372,C0973,08-04-2025
O00373,C0713,04-11-2024
O00374,C0510,05-10-2024
O00375,C0379,24-07-2025
O00376,C0556,08-02-2025
O00377,C0791,13-11-2024
O00378,C0456,19-04-2025
O00379,C0255,20-03-2025
O00380,C0350,19-04-2025
O00381,C0940,27-10-2024
O00382,C0674,18-11-2024
O00383,C0705,27-05-2025
O00384,C0385,06-10-2024
O00385,C0806,08-01-2025
O00386,C0928,16-10-2024
O00387,C0575,13-05-2025
O00388,C0817,03-02-2025
O00389,C0403,10-10-2024
O00390,C0390,26-05-2025
O00391,C0689,24-06-2025
O00392,C0382,23-09-2024
O00393,C0709,14-05-2025
O00394,C0504,26-01-2025
O00395,C0769,29-06-2025
O00396,C0463,23-02-2025
O00397,C0493,25-11-2024
O00398,C0884,25-02-2025
O00399,C0295,22-07-2025
O00400,C0811,01-09-2025
O00401,C0413,04-09-2025
O00402,C0906,10-03-2025
O00403,C0986,20-08-2025
O00404,C0094,15-05-2025
O00405,C0490,01-04-2025
O00406,C0989,11-09-2024
O00407,C0312,06-08-2025
O00408,C0502,05-07-2025
O00409,C0092,06-08-2025
O00410,C0248,21-02-2025
O00411,C0210,23-06-2025
O00412,C0177,01-02-2025
O00413,C0853,16-05-2025
O00414,C0080,30-09-2024
O00415,C0209,13-08-2025
O00416,C0664,24-07-2025
O00417,C0048,16-12-2024
O00418,C0013,19-09-2024
O00419,C0246,09-09-2024
O00420,C0876,31-07-2025
O00421,C0731,02-01-2025
O00422,C0645,27-11-2024
O00423,C0207,22-02-2025
O00424,C0743,20-04-2025
O00425,C0990,17-05-2025
O00426,C0146,06-10-2024
O00427,C0921,10-01-2025
O00428,C0108,25-05-2025
O00429,C0519,18-11-2024
O00430,C0411,12-04-2025
O00431,C0237,08-03-2025
O00432,C0461,13-06-2025
O00433,C0642,18-03-2025
O00434,C0958,15-06-2025
O00435,C0789,02-01-2025
O00436,C0761,05-07-2025
O00437,C0098,30-07-2025
O00438,C0181,04-05-2025
O00439,C0391,11-03-2025
O00440,C0496,12-12-2024
O00441,C0430,21-07-2025
O00442,C0134,26-07-2025
O00443,C0820,05-03-2025
O00444,C0293,14-11-2024
O00445,C0118,17-05-2025
O00446,C0269,28-05-2025
O00447,C0763,02-12-2024
O00448,C0396,01-10-2024
O00449,C0567,14-04-2025
O00450,C0138,08-11-2024
O00451,C0137,03-08-2025
O00452,C0411,22-07-2025
O00453,C0458,13-10-2024
O00454,C0155,01-09-2025
O00455,C0059,15-11-2024
O00456,C0725,07-05-2025
O00457,C0225,20-08-2025
O00458,C0697,19-03-2025
O00459,C0871,14-10-2024
O00460,C0150,10-11-2024
O00461,C0014,14-01-2025
O00462,C0350,18-07-2025
O00463,C0400,29-12-2024
O00464,C0821,23-04-2025
O00465,C0212,01-11-2024
O00466,C0745,05-01-2025
O00467,C0376,07-04-2025
O00468,C0534,08-08-2025
O00469,C0640,18-12-2024
O00470,C0978,26-01-2025
O00471,C0696,04-07-2025
O00472,C0425,25-10-2024
O00473,C0748,11-10-2024
O00474,C0238,21-04-2025
O00475,C0156,26-12-2024
O00476,C0994,30-11-2024
O00477,C0005,25-03-2025
O00478,C0587,17-09-2024
O00479,C0119,18-01-2025
O00480,C0189,03-07-2025
O00481,C0268,17-10-2024
O00482,C0375,09-09-2024
O00483,C0494,21-07-2025
O00484,C0820,14-05-2025
O00485,C0563,13-01-2025
O00486,C0424,30-06-2025
O00487,C0452,03-06-2025
O00488,C0530,16-08-2025
O00489,C0495,14-08-2025
O00490,C0379,12-06-2025
O00491,C0971,08-04-2025
O00492,C0578,03-06-2025
O00493,C0700,25-04-2025
O00494,C0227,29-08-2025
O00495,C0443,13-11-2024
O00496,C0303,26-12-2024
O00497,C0121,13-07-2025
O00498,C0057,13-04-2025
O00499,C0699,30-08-2025
O00500,C0589,25-03-2025
O00501,C0868,28-07-2025
O00502,C0506,11-01-2025
O00503,C0434,05-05-2025
O00504,C0323,10-09-2024
O00505,C0776,31-12-2024
O00506,C0836,28-04-2025
O00507,C0511,02-05-2025
O00508,C0207,07-07-2025
O00509,C0628,19-11-2024
O00510,C0155,30-12-2024
O00511,C0852,25-08-2025
O00512,C0552,08-06-2025
O00513,C0613,18-03-2025
O00514,C0305,23-09-2024
O00515,C0822,20-07-2025
O00516,C0234,04-10-2024
O00517,C0158,19-07-2025
O00518,C0335,07-07-2025
O00519,C0559,05-07-2025
O00520,C0589,05-02-2025
O00521,C0272,11-11-2024
O00522,C0817,16-02-2025
O00523,C0325,06-11-2024
O00524,C0146,14-02-2025
O00525,C0244,06-07-2025
O00526,C0134,27-12-2024
O00527,C0563,07-02-2025
O00528,C0033,24-04-2025
O00529,C0325,10-01-2025
O00530,C0168,11-10-2024
O00531,C0341,11-05-2025
O00532,C0060,26-03-2025
O00533,C0819,07-01-2025
O00534,C0259,23-09-2024
O00535,C0849,19-01-2025
O00536,C0596,26-12-2024
O00537,C0433,24-02-2025
O00538,C0932,17-03-2025
O00539,C0217,25-10-2024
O00540,C0312,25-05-2025
O00541,C0768,07-08-2025
O00542,C0518,10-12-2024
O00543,C0833,04-12-2024
O00544,C0268,03-02-2025
O00545,C0526,22-03-2025
O00546,C0848,18-04-2025
O00547,C0352,19-04-2025
O00548,C0650,23-10-2024
O00549,C0656,24-03-2025
O00550,C0531,15-12-2024
O00551,C0437,30-05-2025
O00552,C0534,13-04-2025
O00553,C0990,01-08-2025
O00554,C0242,01-09-2025
O00555,C0014,21-06-2025
O00556,C0191,19-12-2024
O00557,C0754,26-05-2025
O00558,C0836,26-10-2024
O00559,C0490,06-08-2025
O00560,C0838,16-05-2025
O00561,C0031,15-08-2025
O00562,C0260,22-10-2024
O00563,C0456,08-12-2024
O00564,C0250,19-11-2024
O00565,C0516,07-03-2025
O00566,C0873,23-09-2024
O00567,C0276,28-08-2025
O00568,C0909,18-01-2025
O00569,C0521,15-04-2025
O00570,C0798,31-03-2025
O00571,C0387,12-10-2024
O00572,C0151,08-04-2025
O00573,C0061,23-12-2024
O00574,C0655,28-12-2024
O00575,C0503,14-05-2025
O00576,C0739,29-09-2024
O00577,C0675,10-11-2024
O00578,C0974,29-10-2024
O00579,C0752,16-12-2024
O00580,C0727,06-10-2024
O00581,C0511,27-07-2025
O00582,C0819,13-10-2024
O00583,C0183,17-07-2025
O00584,C0670,18-08-2025
O00585,C0950,27-09-2024
O00586,C0164,12-09-2024
O00587,C0746,29-05-2025
O00588,C0149,24-09-2024
O00589,C0831,06-01-2025
O00590,C0416,16-05-2025
O00591,C0690,20-08-2025
O00592,C0707,08-05-2025
O00593,C0222,28-02-2025
O00594,C0649,31-05-2025
O00595,C0590,05-06-2025
O00596,C0717,02-09-2025
O00597,C0727,26-09-2024
O00598,C0013,26-04-2025
O00599,C0441,02-01-2025
O00600,C0331,26-02-2025
O00601,C0047,19-09-2024
O00602,C0095,13-04-2025
O00603,C0461,08-08-2025
O00604,C0711,24-01-2025
O00605,C0247,08-05-2025
O00606,C0630,06-03-2025
O00607,C0943,18-07-2025
O00608,C0712,12-02-2025
O00609,C0545,07-05-2025
O00610,C0330,03-12-2024
O00611,C0187,31-12-2024
O00612,C0440,17-08-2025
O00613,C0714,22-01-2025
O00614,C0350,22-07-2025
O00615,C0637,23-12-2024
O00616,C0788,16-04-2025
O00617,C0178,23-08-2025
O00618,C0452,07-08-2025
O00619,C0330,06-05-2025
O00620,C0645,05-09-2024
O00621,C0513,08-08-2025
O00622,C0383,20-06-2025
O00623,C0194,15-09-2024
O00624,C0739,26-08-2025
O00625,C0689,29-01-2025
O00626,C0916,17-11-2024
O00627,C0254,11-09-2024
O00628,C0744,18-09-2024
O00629,C0082,17-04-2025
O00630,C0329,25-04-2025
O00631,C0489,12-01-2025
O00632,C0749,14-12-2024
O00633,C0654,04-11-2024
O00634,C0657,10-02-2025
O00635,C0398,03-09-2025
O00636,C0835,04-03-2025
O00637,C0388,07-08-2025
O00638,C0764,10-08-2025
O00639,C0101,05-03-2025
O00640,C0121,25-06-2025
O00641,C0617,20-06-2025
O00642,C0527,10-05-2025
O00643,C0605,28-07-2025
O00644,C0746,07-09-2024
O00645,C0633,02-07-2025
O00646,C0157,13-07-2025
O00647,C0117,08-06-2025
O00648,C0311,25-02-2025
O00649,C0396,16-04-2025
O00650,C0172,27-06-2025
O00651,C0369,28-12-2024
O00652,C0643,08-12-2024
O00653,C0995,06-11-2024
O00654,C0113,21-01-2025
O00655,C0344,23-04-2025
O00656,C0932,20-09-2024
O00657,C0351,08-08-2025
O00658,C0815,29-07-2025
O00659,C0949,01-05-2025
O00660,C0861,27-03-2025
O00661,C0686,04-06-2025
O00662,C0180,11-05-2025
O00663,C0525,14-08-2025
O00664,C0773,29-06-2025
O00665,C0682,05-01-2025
O00666,C0124,07-06-2025
O00667,C0368,20-05-2025
O00668,C0633,01-10-2024
O00669,C0815,31-03-2025
O00670,C0209,06-10-2024
O00671,C0755,31-05-2025
O00672,C0019,26-05-2025
O00673,C0612,23-05-2025
O00674,C0749,07-02-2025
O00675,C0367,28-11-2024
O00676,C0828,13-10-2024
O00677,C0773,19-01-2025
O00678,C0464,20-04-2025
O00679,C0632,23-01-2025
O00680,C0168,01-11-2024
O00681,C0884,22-03-2025
O00682,C0859,10-02-2025
O00683,C0623,26-05-2025
O00684,C0735,24-01-2025
O00685,C0096,06-11-2024
O00686,C0465,24-12-2024
O00687,C0843,20-07-2025
O00688,C0953,29-06-2025
O00689,C0181,05-06-2025
O00690,C0416,28-08-2025
O00691,C0597,04-07-2025
O00692,C0485,27-12-2024
O00693,C0920,09-11-2024
O00694,C0935,30-04-2025
O00695,C0737,28-10-2024
O00696,C0031,21-02-2025
O00697,C0637,21-03-2025
O00698,C0581,10-12-2024
O00699,C0195,08-12-2024
O00700,C0690,19-07-2025
O00701,C0768,16-12-2024
O00702,C0618,21-05-2025
O00703,C0173,02-10-2024
O00704,C0975,19-01-2025
O00705,C0565,14-08-2025
O00706,C0344,22-04-2025
O00707,C0943,19-06-2025
O00708,C0033,06-12-2024
O00709,C0036,24-08-2025
O00710,C0590,21-11-2024
O00711,C0056,02-04-2025
O00712,C0071,09-10-2024
O00713,C0892,18-06-2025
O00714,C0232,16-03-2025
O00715,C0157,10-08-2025
O00716,C0165,17-12-2024
O00717,C0718,02-03-2025
O00718,C0452,14-06-2025
O00719,C0257,25-03-2025
O00720,C0200,19-06-2025
O00721,C0130,07-06-2025
O00722,C0416,22-10-2024
O00723,C0440,09-06-2025
O00724,C0945,19-12-2024
O00725,C0962,25-02-2025
O00726,C0901,08-06-2025
O00727,C0057,04-12-2024
O00728,C0265,21-08-2025
O00729,C0774,20-06-2025
O00730,C0456,26-08-2025
O00731,C0465,20-04-2025
O00732,C0641,09-09-2024
O00733,C0018,12-09-2024
O00734,C0147,03-01-2025
O00735,C0732,04-09-2025
O00736,C0521,08-10-2024
O00737,C0127,19-11-2024
O00738,C0407,18-04-2025
O00739,C0469,24-01-2025
O00740,C0507,30-01-2025
O00741,C0121,09-12-2024
O00742,C0599,18-01-2025
O00743,C0230,01-08-2025
O00744,C0561,27-11-2024
O00745,C0347,05-09-2025
O00746,C0385,30-08-2025
O00747,C0089,27-06-2025
O00748,C0431,03-05-2025
O00749,C0142,03-11-2024
O00750,C0906,02-06-2025
O00751,C0068,10-11-2024
O00752,C0498,05-12-2024
O00753,C0225,28-01-2025
O00754,C0416,29-12-2024
O00755,C0522,11-07-2025
O00756,C0537,18-12-2024
O00757,C0365,01-03-2025
O00758,C0473,28-08-2025
O00759,C0956,07-11-2024
O00760,C0161,06-04-2025
O00761,C0957,21-02-2025
O00762,C0057,03-01-2025
O00763,C0753,23-04-2025
O00764,C0526,01-03-2025
O00765,C0381,10-12-2024
O00766,C0272,29-05-2025
O00767,C0034,08-11-2024
O00768,C0858,25-03-2025
O00769,C0822,15-04-2025
O00770,C0222,08-12-2024
O00771,C0978,19-12-2024
O00772,C0195,31-01-2025
O00773,C0600,17-08-2025
O00774,C0748,10-08-2025
O00775,C0643,19-05-2025
O00776,C0466,30-07-2025
O00777,C0668,04-09-2025
O00778,C0290,30-06-2025
O00779,C0390,21-06-2025
O00780,C0983,10-09-2024
O00781,C0650,03-09-2025
O00782,C0418,18-06-2025
O00783,C0521,27-04-2025
O00784,C0861,18-11-2024
O00785,C0370,03-07-2025
O00786,C0080,01-06-2025
O00787,C0475,18-09-2024
O00788,C0061,31-05-2025
O00789,C0249,24-09-2024
O00790,C0052,14-09-2024
O00791,C0157,03-06-2025
O00792,C0896,03-10-2024
O00793,C0041,27-05-2025
O00794,C0191,30-01-2025
O00795,C0930,25-03-2025
O00796,C0026,11-08-2025
O00797,C0004,10-06-2025
O00798,C0510,01-11-2024
O00799,C0600,06-08-2025
O00800,C0435,27-03-2025
O00801,C0640,29-01-2025
O00802,C0550,31-01-2025
O00803,C0176,07-12-2024
O00804,C0659,27-07-2025
O00805,C0911,13-08-2025
O00806,C0468,07-10-2024
O00807,C0820,07-08-2025
O00808,C0467,03-03-2025
O00809,C0598,21-08-2025
O00810,C0633,14-04-2025
O00811,C0545,17-01-2025
O00812,C0862,15-12-2024
O00813,C0791,28-12-2024
O00814,C0070,16-01-2025
O00815,C0743,08-08-2025
O00816,C0794,21-12-2024
O00817,C0044,15-12-2024
O00818,C0855,14-04-2025
O00819,C0099,26-06-2025
O00820,C0606,02-01-2025
O00821,C0332,26-04-2025
O00822,C0959,30-04-2025
O00823,C0171,06-02-2025
O00824,C0570,15-03-2025
O00825,C0230,05-10-2024
O00826,C0280,20-03-2025
O00827,C0836,17-11-2024
O00828,C0466,13-12-2024
O00829,C0691,21-11-2024
O00830,C0119,13-07-2025
O00831,C0996,16-11-2024
O00832,C0801,22-06-2025
O00833,C0222,12-02-2025
O00834,C0033,01-04-2025
O00835,C0146,21-07-2025
O00836,C0710,14-07-2025
O00837,C0770,08-03-2025
O00838,C0480,06-03-2025
O00839,C0868,02-06-2025
O00840,C0101,20-07-2025
O00841,C0310,18-10-2024
O00842,C0365,17-09-2024
O00843,C0632,22-01-2025
O00844,C0623,01-05-2025
O00845,C0562,08-04-2025
O00846,C0792,10-10-2024
O00847,C0047,06-11-2024
O00848,C0792,27-01-2025
O00849,C0070,18-05-2025
O00850,C0300,03-09-2025
O00851,C0910,21-12-2024
O00852,C0485,14-09-2024
O00853,C0226,14-11-2024
O00854,C0147,07-01-2025
O00855,C0763,11-01-2025
O00856,C0389,09-04-2025
O00857,C0098,13-09-2024
O00858,C0967,25-08-2025
O00859,C0278,18-12-2024
O00860,C0395,16-10-2024
O00861,C0814,04-04-2025
O00862,C0543,29-01-2025
O00863,C0499,06-07-2025
O00864,C0591,01-07-2025
O00865,C0715,25-08-2025
O00866,C0245,11-01-2025
O00867,C0061,09-05-2025
O00868,C0620,10-09-2024
O00869,C0086,30-04-2025
O00870,C0538,03-06-2025
O00871,C0821,04-12-2024
O00872,C0164,07-03-2025
O00873,C0621,23-09-2024
O00874,C0013,22-08-2025
O00875,C0369,21-03-2025
O00876,C0574,18-05-2025
O00877,C0101,07-06-2025
O00878,C0326,31-05-2025
O00879,C0972,21-04-2025
O00880,C0824,10-01-2025
O00881,C0426,13-10-2024
O00882,C0377,23-05-2025
O00883,C0969,15-10-2024
O00884,C0057,22-09-2024
O00885,C0140,03-06-2025
O00886,C0910,13-08-2025
O00887,C0250,23-04-2025
O00888,C0829,15-09-2024
O00889,C0271,20-01-2025
O00890,C0853,24-12-2024
O00891,C0218,24-03-2025
O00892,C0064,17-08-2025
O00893,C0780,20-10-2024
O00894,C0641,03-08-2025
O00895,C0206,30-01-2025
O00896,C0149,21-07-2025
O00897,C0165,29-06-2025
O00898,C0260,28-09-2024
O00899,C0602,24-05-2025
O00900,C0683,11-03-2025
O00901,C0221,21-08-2025
O00902,C0899,14-04-2025
O00903,C0518,04-05-2025
O00904,C0225,17-06-2025
O00905,C0258,04-12-2024
O00906,C0318,12-06-2025
O00907,C0471,11-08-2025
O00908,C0425,17-11-2024
O00909,C0011,03-10-2024
O00910,C0544,04-04-2025
O00911,C0430,10-03-2025
O00912,C0410,30-04-2025
O00913,C0263,03-03-2025
O00914,C0388,13-10-2024
O00915,C0252,25-11-2024
O00916,C0693,01-08-2025
O00917,C0168,14-01-2025
O00918,C0663,13-06-2025
O00919,C0196,27-02-2025
O00920,C0500,05-03-2025
O00921,C0312,12-06-2025
O00922,C0500,06-09-2024
O00923,C0084,20-11-2024
O00924,C0991,12-08-2025
O00925,C0284,09-09-2024
O00926,C0756,25-01-2025
O00927,C0006,12-09-2024
O00928,C0965,21-02-2025
O00929,C0571,17-02-2025
O00930,C0859,31-01-2025
O00931,C0181,11-01-2025
O00932,C0736,12-04-2025
O00933,C0481,21-08-2025
O00934,C0306,19-10-2024
O00935,C0720,26-05-2025
O00936,C0936,22-01-2025
O00937,C0397,28-12-2024
O00938,C0236,30-10-2024
O00939,C0096,06-05-2025
O00940,C0199,12-04-2025
O00941,C0354,28-03-2025
O00942,C0786,11-04-2025
O00943,C0203,12-12-2024
O00944,C0062,27-09-2024
O00945,C0672,02-07-2025
O00946,C0663,05-05-2025
O00947,C0144,29-11-2024
O00948,C0676,10-08-2025
O00949,C0023,18-06-2025
O00950,C0730,28-10-2024
O00951,C0929,13-10-2024
O00952,C0483,28-09-2024
O00953,C0315,07-09-2024
O00954,C0943,08-09-2024
O00955,C0032,02-02-2025
O00956,C0353,22-12-2024
O00957,C0640,02-12-2024
O00958,C0937,14-04-2025
O00959,C0826,12-12-2024
O00960,C0176,12-03-2025
O00961,C0746,09-07-2025
O00962,C0453,23-05-2025
O00963,C0173,23-01-2025
O00964,C0917,30-05-2025
O00965,C0983,14-10-2024
O00966,C0103,30-07-2025
O00967,C0485,29-10-2024
O00968,C0718,21-09-2024
O00969,C0359,03-06-2025
O00970,C0087,10-05-2025
O00971,C0317,11-05-2025
O00972,C0738,19-09-2024
O00973,C0178,13-01-2025
O00974,C0481,11-02-2025
O00975,C0411,24-10-2024
O00976,C0770,06-02-2025
O00977,C0223,24-11-2024
O00978,C0790,04-06-2025
O00979,C0943,27-05-2025
O00980,C0541,18-08-2025
O00981,C0852,06-10-2024
O00982,C0016,29-01-2025
O00983,C0067,22-01-2025
O00984,C0070,10-06-2025
O00985,C0226,24-01-2025
O00986,C0980,30-03-2025
O00987,C0620,09-06-2025
O00988,C0837,24-02-2025
O00989,C0262,02-11-2024
O00990,C0181,08-12-2024
O00991,C0379,04-05-2025
O00992,C0604,18-12-2024
O00993,C0148,09-11-2024
O00994,C0139,27-08-2025
O00995,C0780,28-11-2024
O00996,C0294,07-09-2024
O00997,C0745,08-06-2025
O00998,C0421,21-04-2025
O00999,C0895,01-12-2024
O01000,C0851,27-12-2024
O01001,C0622,20-06-2025
O01002,C0219,26-05-2025
O01003,C0304,24-03-2025
O01004,C0824,01-10-2024
O01005,C0583,06-12-2024
O01006,C0765,05-05-2025
O01007,C0626,27-09-2024
O01008,C0082,14-09-2024
O01009,C0432,13-09-2024
O01010,C0430,27-04-2025
O01011,C0287,13-06-2025
O01012,C0218,06-01-2025
O01013,C0601,30-01-2025
O01014,C0382,13-03-2025
O01015,C0289,06-01-2025
O01016,C0714,01-08-2025
O01017,C0353,11-11-2024
O01018,C0495,17-05-2025
O01019,C0282,15-03-2025
O01020,C0753,28-10-2024
O01021,C0307,14-09-2024
O01022,C0970,30-07-2025
O01023,C0074,12-06-2025
O01024,C0975,28-05-2025
O01025,C0137,04-05-2025
O01026,C0444,19-11-2024
O01027,C0914,02-12-2024
O01028,C0767,19-02-2025
O01029,C0103,21-02-2025
O01030,C0507,25-02-2025
O01031,C0118,11-03-2025
O01032,C0707,02-04-2025
O01033,C0434,10-03-2025
O01034,C0201,23-10-2024
O01035,C0750,19-02-2025
O01036,C0605,02-12-2024
O01037,C0277,23-01-2025
O01038,C0560,02-08-2025
O01039,C0367,05-07-2025
O01040,C0998,24-03-2025
O01041,C0656,04-06-2025
O01042,C0722,26-10-2024
O01043,C0299,06-08-2025
O01044,C0522,30-04-2025
O01045,C0802,06-04-2025
O01046,C0943,24-02-2025
O01047,C0387,14-06-2025
O01048,C0056,10-08-2025
O01049,C0940,27-03-2025
O01050,C0498,02-01-2025
O01051,C0690,06-11-2024
O01052,C0190,30-09-2024
O01053,C0058,21-04-2025
O01054,C0040,22-10-2024
O01055,C0556,04-06-2025
O01056,C0772,31-10-2024
O01057,C0152,15-04-2025
O01058,C0976,24-04-2025
O01059,C0646,28-04-2025
O01060,C0476,13-09-2024
O01061,C0662,02-04-2025
O01062,C0520,20-06-2025
O01063,C0789,17-12-2024
O01064,C0046,07-09-2024
O01065,C0277,07-09-2024
O01066,C0444,10-02-2025
O01067,C0128,27-01-2025
O01068,C0191,02-11-2024
O01069,C1000,15-09-2024
O01070,C0362,31-07-2025
O01071,C0664,24-04-2025
O01072,C0549,03-03-2025
O01073,C0025,23-06-2025
O01074,C0200,14-11-2024
O01075,C0810,04-10-2024
O01076,C0798,02-12-2024
O01077,C0434,30-08-2025
O01078,C0523,21-10-2024
O01079,C0553,10-05-2025
O01080,C0884,25-01-2025
O01081,C0995,12-07-2025
O01082,C0078,29-08-2025
O01083,C0241,29-09-2024
O01084,C0099,04-08-2025
O01085,C0443,22-11-2024
O01086,C0250,27-05-2025
O01087,C0133,06-07-2025
O01088,C0879,21-10-2024
O01089,C0025,20-06-2025
O01090,C0649,07-02-2025
O01091,C0620,19-09-2024
O01092,C0757,14-12-2024
O01093,C0467,04-09-2025
O01094,C0897,25-04-2025
O01095,C0944,21-08-2025
O01096,C0566,14-07-2025
O01097,C0450,07-02-2025
O01098,C0533,04-05-2025
O01099,C0490,24-03-2025
O01100,C0319,27-01-2025
O01101,C0566,30-10-2024
O01102,C0571,21-07-2025
O01103,C0417,09-03-2025
O01104,C0887,29-01-2025
O01105,C0257,27-03-2025
O01106,C0022,03-12-2024
O01107,C0821,09-04-2025
O01108,C0358,07-11-2024
O01109,C0366,12-08-2025
O01110,C0582,10-07-2025
O01111,C0094,23-03-2025
O01112,C0673,21-11-2024
O01113,C0378,23-06-2025
O01114,C0128,28-11-2024
O01115,C0103,26-06-2025
O01116,C0141,01-06-2025
O01117,C0874,02-01-2025
O01118,C0386,07-11-2024
O01119,C0083,13-11-2024
O01120,C0722,02-06-2025
O01121,C0431,26-01-2025
O01122,C0162,25-05-2025
O01123,C0499,26-12-2024
O01124,C0818,16-09-2024
O01125,C0960,26-11-2024
O01126,C0660,22-01-2025
O01127,C0593,28-06-2025
O01128,C0421,08-11-2024
O01129,C0336,03-03-2025
O01130,C0674,02-01-2025
O01131,C0755,03-09-2025
O01132,C0831,17-08-2025
O01133,C0089,12-11-2024
O01134,C0193,08-02-2025
O01135,C0821,23-04-2025
O01136,C0120,09-06-2025
O01137,C0132,25-05-2025
O01138,C0928,14-04-2025
O01139,C0997,13-03-2025
O01140,C0177,10-02-2025
O01141,C0084,27-07-2025
O01142,C0913,29-03-2025
O01143,C0529,13-09-2024
O01144,C0221,02-06-2025
O01145,C0628,17-04-2025
O01146,C0408,02-08-2025
O01147,C0239,10-03-2025
O01148,C0494,11-06-2025
O01149,C0418,16-02-2025
O01150,C0491,08-05-2025
O01151,C0786,08-05-2025
O01152,C0749,01-03-2025
O01153,C0642,29-06-2025
O01154,C0812,19-07-2025
O01155,C0859,08-06-2025
O01156,C0751,12-08-2025
O01157,C0604,13-02-2025
O01158,C0454,31-01-2025
O01159,C0805,01-07-2025
O01160,C0834,01-03-2025
O01161,C0506,14-09-2024
O01162,C0380,26-05-2025
O01163,C0243,10-03-2025
O01164,C0735,21-06-2025
O01165,C0570,29-08-2025
O01166,C0096,12-10-2024
O01167,C0514,11-09-2024
O01168,C0607,04-02-2025
O01169,C0995,29-04-2025
O01170,C0500,13-12-2024
O01171,C0727,23-11-2024
O01172,C0873,20-10-2024
O01173,C0497,13-06-2025
O01174,C0481,06-04-2025
O01175,C0659,08-11-2024
O01176,C0195,28-09-2024
O01177,C0566,16-11-2024
O01178,C0128,15-10-2024
O01179,C0269,03-10-2024
O01180,C0237,21-05-2025
O01181,C0617,06-03-2025
O01182,C0287,08-11-2024
O01183,C0109,22-09-2024
O01184,C0235,11-02-2025
O01185,C0627,18-02-2025
O01186,C0150,05-08-2025
O01187,C0958,26-07-2025
O01188,C0026,27-04-2025
O01189,C0779,06-09-2024
O01190,C0205,29-05-2025
O01191,C0696,30-04-2025
O01192,C0688,03-04-2025
O01193,C0005,29-07-2025
O01194,C0500,06-11-2024
O01195,C0685,14-07-2025
O01196,C0606,01-10-2024
O01197,C0666,10-12-2024
O01198,C0177,22-05-2025
O01199,C0131,31-05-2025
O01200,C0287,16-06-2025
O01201,C0444,28-04-2025
O01202,C0726,04-06-2025
O01203,C0641,20-06-2025
O01204,C0026,26-03-2025
O01205,C0873,23-09-2024
O01206,C0531,05-07-2025
O01207,C0314,15-08-2025
O01208,C0056,28-02-2025
O01209,C0881,13-11-2024
O01210,C0759,01-10-2024
O01211,C0734,16-08-2025
O01212,C0780,23-04-2025
O01213,C0332,25-12-2024
O01214,C0244,13-09-2024
O01215,C0488,24-12-2024
O01216,C0917,02-05-2025
O01217,C0520,15-12-2024
O01218,C0971,04-04-2025
O01219,C0056,23-04-2025
O01220,C0066,02-03-2025
O01221,C0314,15-09-2024
O01222,C0953,03-08-2025
O01223,C0212,23-11-2024
O01224,C0533,26-11-2024
O01225,C0250,14-10-2024
O01226,C0562,30-04-2025
O01227,C0800,31-05-2025
O01228,C0695,15-03-2025
O01229,C0875,09-09-2024
O01230,C0791,18-09-2024
O01231,C0082,23-10-2024
O01232,C0218,24-12-2024
O01233,C0453,25-06-2025
O01234,C0839,28-08-2025
O01235,C0632,25-07-2025
O01236,C0699,19-05-2025
O01237,C0663,15-05-2025
O01238,C0255,20-12-2024
O01239,C0766,31-08-2025
O01240,C0866,10-03-2025
O01241,C0597,13-05-2025
O01242,C0201,10-03-2025
O01243,C0628,04-10-2024
O01244,C0769,24-04-2025
O01245,C0811,29-10-2024
O01246,C0238,17-10-2024
O01247,C0714,11-08-2025
O01248,C0973,31-03-2025
O01249,C0185,17-01-2025
O01250,C0416,15-02-2025
O01251,C0252,22-12-2024
O01252,C0238,10-05-2025
O01253,C0526,20-12-2024
O01254,C0386,14-01-2025
O01255,C0355,20-03-2025
O01256,C0704,07-09-2024
O01257,C0800,03-06-2025
O01258,C0508,21-10-2024
O01259,C0854,04-07-2025
O01260,C0517,08-05-2025
O01261,C0120,05-11-2024
O01262,C0156,13-11-2024
O01263,C0339,07-02-2025
O01264,C0232,14-10-2024
O01265,C0895,16-10-2024
O01266,C0974,07-05-2025
O01267,C0344,03-12-2024
O01268,C0036,08-06-2025
O01269,C0048,19-11-2024
O01270,C0330,29-10-2024
O01271,C0075,29-03-2025
O01272,C0478,04-12-2024
O01273,C0750,04-01-2025
O01274,C0254,27-07-2025
O01275,C0587,06-02-2025
O01276,C0922,24-10-2024
O01277,C0773,03-03-2025
O01278,C0444,01-11-2024
O01279,C0049,04-01-2025
O01280,C0257,27-03-2025
O01281,C0227,13-04-2025
O01282,C0085,27-11-2024
O01283,C0418,11-04-2025
O01284,C0157,01-02-2025
O01285,C0340,15-06-2025
O01286,C0531,30-04-2025
O01287,C0636,09-02-2025
O01288,C0279,17-09-2024
O01289,C0015,22-10-2024
O01290,C0015,22-09-2024
O01291,C0205,19-02-2025
O01292,C0275,08-10-2024
O01293,C0227,24-07-2025
O01294,C0198,03-04-2025
O01295,C0936,12-08-2025
O01296,C0225,19-05-2025
O01297,C0542,10-07-2025
O01298,C0208,03-01-2025
O01299,C0166,29-09-2024
O01300,C0702,05-09-2025
O01301,C0689,28-05-2025
O01302,C0719,15-07-2025
O01303,C0543,12-01-2025
O01304,C0853,06-11-2024
O01305,C0824,08-05-2025
O01306,C0968,03-10-2024
O01307,C0583,28-12-2024
O01308,C0013,28-11-2024
O01309,C0004,22-04-2025
O01310,C0892,18-08-2025
O01311,C0882,09-06-2025
O01312,C0517,29-06-2025
O01313,C0313,04-08-2025
O01314,C0718,23-03-2025
O01315,C0176,07-08-2025
O01316,C0254,04-01-2025
O01317,C0999,29-12-2024
O01318,C0208,24-11-2024
O01319,C0941,17-09-2024
O01320,C0019,26-05-2025
O01321,C0158,08-08-2025
O01322,C0470,09-12-2024
O01323,C0315,07-10-2024
O01324,C0921,31-03-2025
O01325,C0371,03-08-2025
O01326,C0455,16-11-2024
O01327,C0591,09-02-2025
O01328,C0010,04-07-2025
O01329,C0576,30-11-2024
O01330,C0876,25-02-2025
O01331,C0631,26-04-2025
O01332,C0623,11-09-2024
O01333,C0198,04-05-2025
O01334,C0542,21-06-2025
O01335,C0683,31-10-2024
O01336,C0752,10-09-2024
O01337,C0696,12-02-2025
O01338,C0616,08-07-2025
O01339,C0046,03-06-2025
O01340,C0696,27-01-2025
O01341,C0035,01-02-2025
O01342,C0508,07-03-2025
O01343,C0369,06-08-2025
O01344,C0906,08-09-2024
O01345,C0487,21-11-2024
O01346,C0513,12-05-2025
O01347,C0559,06-10-2024
O01348,C0060,03-11-2024
O01349,C0790,22-11-2024
O01350,C0341,30-04-2025
O01351,C0971,30-11-2024
O01352,C0584,22-03-2025
O01353,C0334,14-02-2025
O01354,C0993,14-09-2024
O01355,C0469,13-06-2025
O01356,C0172,17-08-2025
O01357,C0130,07-10-2024
O01358,C0521,09-04-2025
O01359,C0826,10-03-2025
O01360,C0976,14-05-2025
O01361,C0767,18-08-2025
O01362,C0595,13-11-2024
O01363,C0902,02-06-2025
O01364,C0634,05-03-2025
O01365,C0783,20-07-2025
O01366,C0280,14-11-2024
O01367,C0713,23-05-2025
O01368,C0568,12-10-2024
O01369,C0023,17-05-2025
O01370,C0976,21-03-2025
O01371,C0188,29-07-2025
O01372,C0131,17-01-2025
O01373,C0456,08-04-2025
O01374,C0850,23-01-2025
O01375,C0170,05-05-2025
O01376,C0068,05-09-2025
O01377,C0042,05-10-2024
O01378,C0866,02-03-2025
O01379,C0270,23-03-2025
O01380,C0564,02-01-2025
O01381,C0733,01-08-2025
O01382,C0879,05-12-2024
O01383,C0969,23-05-2025
O01384,C0653,06-07-2025
O01385,C0119,30-08-2025
O01386,C0098,21-03-2025
O01387,C0088,12-01-2025
O01388,C0531,30-09-2024
O01389,C0647,01-09-2025
O01390,C0964,27-12-2024
O01391,C0744,15-06-2025
O01392,C0911,05-06-2025
O01393,C0342,28-02-2025
O01394,C0242,07-10-2024
O01395,C0704,16-08-2025
O01396,C0820,27-04-2025
O01397,C0576,08-08-2025
O01398,C0039,16-05-2025
O01399,C0779,02-04-2025
O01400,C0621,20-08-2025
O01401,C0738,13-11-2024
O01402,C0570,02-09-2025
O01403,C0109,07-09-2024
O01404,C0812,15-01-2025
O01405,C0455,14-04-2025
O01406,C0960,28-02-2025
O01407,C0600,23-10-2024
O01408,C0648,05-05-2025
O01409,C0763,15-10-2024
O01410,C0279,27-08-2025
O01411,C0789,31-03-2025
O01412,C0678,09-08-2025
O01413,C0894,13-12-2024
O01414,C0374,23-07-2025
O01415,C0880,09-08-2025
O01416,C0165,25-02-2025
O01417,C0237,28-07-2025
O01418,C0321,13-01-2025
O01419,C0855,26-01-2025
O01420,C0963,11-05-2025
O01421,C0524,06-10-2024
O01422,C0148,26-04-2025
O01423,C0549,17-04-2025
O01424,C0736,29-05-2025
O01425,C0162,31-10-2024
O01426,C0102,21-04-2025
O01427,C0721,02-09-2025
O01428,C0163,06-10-2024
O01429,C0660,24-10-2024
O01430,C0184,21-06-2025
O01431,C0859,08-08-2025
O01432,C0032,30-12-2024
O01433,C0232,05-11-2024
O01434,C0988,11-05-2025
O01435,C0211,20-03-2025
O01436,C0124,03-11-2024
O01437,C0192,29-07-2025
O01438,C0844,13-11-2024
O01439,C0316,14-06-2025
O01440,C0123,26-07-2025
O01441,C0498,13-02-2025
O01442,C0704,18-12-2024
O01443,C0990,01-02-2025
O01444,C0597,30-08-2025
O01445,C0056,24-09-2024
O01446,C0366,19-08-2025
O01447,C0717,15-10-2024
O01448,C0521,24-09-2024
O01449,C0001,13-08-2025
O01450,C0980,10-02-2025
O01451,C0180,19-05-2025
O01452,C0326,26-03-2025
O01453,C0090,20-11-2024
O01454,C0741,11-10-2024
O01455,C0241,14-07-2025
O01456,C0079,12-06-2025
O01457,C0465,21-11-2024
O01458,C0848,03-12-2024
O01459,C0431,15-11-2024
O01460,C0703,16-05-2025
O01461,C0571,14-08-2025
O01462,C0970,09-11-2024
O01463,C0116,19-10-2024
O01464,C0013,25-11-2024
O01465,C0705,15-05-2025
O01466,C0990,08-01-2025
O01467,C0872,25-12-2024
O01468,C0517,19-11-2024
O01469,C0595,22-02-2025
O01470,C0372,30-04-2025
O01471,C0989,25-03-2025
O01472,C0343,30-08-2025
O01473,C0355,03-11-2024
O01474,C0995,31-01-2025
O01475,C0900,12-07-2025
O01476,C0184,19-05-2025
O01477,C0623,19-09-2024
O01478,C0825,20-04-2025
O01479,C0245,19-03-2025
O01480,C0692,30-04-2025
O01481,C0633,13-07-2025
O01482,C0045,31-07-2025
O01483,C0415,22-12-2024
O01484,C0539,12-09-2024
O01485,C0398,23-02-2025
O01486,C0131,05-09-2024
O01487,C0114,25-08-2025
O01488,C0073,12-06-2025
O01489,C0181,19-06-2025
O01490,C0612,04-09-2025
O01491,C0879,22-09-2024
O01492,C0816,07-08-2025
O01493,C0712,22-04-2025
O01494,C0260,11-03-2025
O01495,C0911,06-04-2025
O01496,C0822,28-02-2025
O01497,C0008,21-09-2024
O01498,C0351,16-04-2025
O01499,C0608,14-01-2025
O01500,C0667,13-07-2025
O01501,C0379,21-10-2024
O01502,C0893,01-10-2024
O01503,C0410,23-02-2025
O01504,C0313,13-04-2025
O01505,C0781,17-11-2024
O01506,C0397,02-08-2025
O01507,C0527,01-10-2024
O01508,C0644,04-06-2025
O01509,C0544,14-03-2025
O01510,C0622,13-08-2025
O01511,C0177,08-06-2025
O01512,C0069,22-03-2025
O01513,C0411,29-08-2025
O01514,C0431,09-07-2025
O01515,C0242,16-12-2024
O01516,C0051,21-12-2024
O01517,C0596,21-06-2025
O01518,C0987,26-02-2025
O01519,C0630,17-10-2024
O01520,C0744,13-05-2025
O01521,C0438,11-06-2025
O01522,C0660,28-10-2024
O01523,C0073,14-12-2024
O01524,C0877,12-10-2024
O01525,C0230,30-03-2025
O01526,C0173,15-10-2024
O01527,C0282,07-10-2024
O01528,C0679,08-06-2025
O01529,C0054,09-05-2025
O01530,C0481,12-11-2024
O01531,C0016,09-04-2025
O01532,C0104,08-10-2024
O01533,C0343,02-08-2025
O01534,C0430,08-02-2025
O01535,C0888,25-09-2024
O01536,C0639,30-10-2024
O01537,C0110,05-09-2025
O01538,C0375,05-01-2025
O01539,C0366,14-01-2025
O01540,C0259,17-02-2025
O01541,C0997,06-04-2025
O01542,C0189,04-10-2024
O01543,C0076,13-01-2025
O01544,C0552,08-03-2025
O01545,C0460,24-04-2025
O01546,C0081,02-03-2025
O01547,C0358,08-06-2025
O01548,C0981,02-11-2024
O01549,C0589,16-01-2025
O01550,C0566,29-04-2025
O01551,C0918,10-06-2025
O01552,C0292,16-08-2025
O01553,C0248,05-12-2024
O01554,C0199,20-08-2025
O01555,C0236,19-11-2024
O01556,C0978,08-04-2025
O01557,C0408,28-08-2025
O01558,C0924,01-06-2025
O01559,C0386,30-01-2025
O01560,C0726,20-08-2025
O01561,C0622,27-07-2025
O01562,C0497,12-08-2025
O01563,C0864,27-07-2025
O01564,C0549,16-11-2024
O01565,C0124,25-05-2025
O01566,C0697,08-12-2024
O01567,C0160,15-02-2025
O01568,C0285,24-11-2024
O01569,C0851,15-04-2025
O01570,C0605,18-09-2024
O01571,C0610,31-07-2025
O01572,C0377,20-10-2024
O01573,C0712,17-06-2025
O01574,C0575,20-09-2024
O01575,C0771,07-10-2024
O01576,C0140,25-12-2024
O01577,C0152,14-11-2024
O01578,C0805,18-06-2025
O01579,C0686,09-07-2025
O01580,C0518,12-03-2025
O01581,C0114,26-11-2024
O01582,C0316,07-02-2025
O01583,C0567,02-01-2025
O01584,C0429,26-01-2025
O01585,C0513,21-10-2024
O01586,C0787,11-11-2024
O01587,C0184,21-05-2025
O01588,C0592,19-12-2024
O01589,C0641,05-08-2025
O01590,C0331,14-04-2025
O01591,C0896,16-06-2025
O01592,C0725,15-09-2024
O01593,C0264,09-10-2024
O01594,C0959,01-03-2025
O01595,C0284,14-01-2025
O01596,C0278,10-04-2025
O01597,C0766,07-02-2025
O01598,C0661,07-02-2025
O01599,C0131,05-03-2025
O01600,C0300,10-09-2024
O01601,C0601,14-04-2025
O01602,C0914,07-12-2024
O01603,C0186,30-05-2025
O01604,C0068,22-06-2025
O01605,C0553,22-07-2025
O01606,C0786,16-06-2025
O01607,C0808,01-09-2025
O01608,C0662,12-07-2025
O01609,C0115,28-09-2024
O01610,C0494,02-12-2024
O01611,C0421,07-10-2024
O01612,C0144,01-02-2025
O01613,C0176,17-04-2025
O01614,C0809,02-03-2025
O01615,C0669,12-06-2025
O01616,C0980,08-04-2025
O01617,C0937,20-09-2024
O01618,C0508,14-01-2025
O01619,C0485,23-08-2025
O01620,C0936,11-12-2024
O01621,C0914,09-03-2025
O01622,C0062,25-09-2024
O01623,C0941,03-08-2025
O01624,C0499,19-09-2024
O01625,C0812,21-12-2024
O01626,C0396,22-07-2025
O01627,C0136,30-07-2025
O01628,C0498,02-10-2024
O01629,C0512,27-11-2024
O01630,C0319,17-04-2025
O01631,C0877,04-09-2025
O01632,C0419,01-01-2025
O01633,C0711,24-06-2025
O01634,C0106,23-03-2025
O01635,C0732,12-08-2025
O01636,C0014,19-09-2024
O01637,C0888,20-11-2024
O01638,C0071,04-09-2025
O01639,C0593,16-02-2025
O01640,C0920,23-03-2025
O01641,C0780,10-08-2025
O01642,C0149,27-12-2024
O01643,C0601,24-11-2024
O01644,C0550,04-02-2025
O01645,C0416,23-09-2024
O01646,C0140,17-08-2025
O01647,C0208,18-08-2025
O01648,C0818,27-07-2025
O01649,C0858,26-10-2024
O01650,C0339,28-07-2025
O01651,C0992,06-06-2025
O01652,C0013,07-05-2025
O01653,C0450,16-12-2024
O01654,C0969,28-04-2025
O01655,C0030,11-11-2024
O01656,C0884,13-07-2025
O01657,C0578,09-07-2025
O01658,C0657,13-12-2024
O01659,C0304,17-01-2025
O01660,C0056,26-12-2024
O01661,C0288,24-11-2024
O01662,C0548,26-11-2024
O01663,C0437,19-12-2024
O01664,C0579,29-07-2025
O01665,C0498,23-01-2025
O01666,C0658,05-11-2024
O01667,C0255,26-02-2025
O01668,C0607,13-09-2024
O01669,C0791,22-12-2024
O01670,C0436,27-09-2024
O01671,C0916,19-08-2025
O01672,C0336,16-09-2024
O01673,C0378,22-07-2025
O01674,C0584,13-03-2025
O01675,C0778,06-11-2024
O01676,C0202,28-01-2025
O01677,C0194,13-01-2025
O01678,C0898,04-04-2025
O01679,C0612,18-12-2024
O01680,C0576,01-04-2025
O01681,C0191,05-05-2025
O01682,C0539,06-10-2024
O01683,C0935,19-01-2025
O01684,C0874,13-12-2024
O01685,C0596,24-09-2024
O01686,C0697,12-12-2024
O01687,C0051,17-10-2024
O01688,C0138,10-03-2025
O01689,C0017,09-07-2025
O01690,C0158,09-09-2024
O01691,C0069,02-11-2024
O01692,C0988,04-06-2025
O01693,C0747,03-10-2024
O01694,C0225,29-06-2025
O01695,C0287,07-02-2025
O01696,C0825,01-12-2024
O01697,C0264,21-09-2024
O01698,C0053,16-09-2024
O01699,C0002,05-08-2025
O01700,C0276,07-02-2025
O01701,C0722,21-07-2025
O01702,C0547,25-11-2024
O01703,C0843,10-02-2025
O01704,C0001,21-12-2024
O01705,C0578,20-09-2024
O01706,C0364,21-06-2025
O01707,C0593,30-06-2025
O01708,C0874,15-03-2025
O01709,C0564,02-09-2025
O01710,C0866,28-10-2024
O01711,C0348,21-09-2024
O01712,C0953,26-05-2025
O01713,C0781,26-06-2025
O01714,C0847,17-09-2024
O01715,C0769,02-12-2024
O01716,C0194,06-04-2025
O01717,C0695,16-06-2025
O01718,C0276,26-07-2025
O01719,C0907,05-07-2025
O01720,C0343,29-08-2025
O01721,C0545,11-09-2024
O01722,C0495,18-05-2025
O01723,C0101,15-03-2025
O01724,C0821,28-12-2024
O01725,C0004,29-11-2024
O01726,C0167,17-01-2025
O01727,C0252,07-04-2025
O01728,C0360,21-04-2025
O01729,C0369,19-02-2025
O01730,C0923,01-10-2024
O01731,C0678,27-04-2025
O01732,C0650,10-06-2025
O01733,C0954,03-09-2025
O01734,C0020,08-04-2025
O01735,C0106,18-04-2025
O01736,C0046,01-01-2025
O01737,C0176,23-09-2024
O01738,C0228,21-01-2025
O01739,C0370,06-07-2025
O01740,C0556,20-07-2025
O01741,C0725,29-04-2025
O01742,C0567,08-05-2025
O01743,C0656,07-05-2025
O01744,C0257,25-03-2025
O01745,C0753,29-06-2025
O01746,C0133,20-07-2025
O01747,C0229,07-11-2024
O01748,C0425,03-09-2025
O01749,C0976,05-06-2025
O01750,C0612,13-06-2025
O01751,C0240,21-06-2025
O01752,C0985,17-10-2024
O01753,C0469,13-10-2024
O01754,C0722,28-08-2025
O01755,C0432,07-05-2025
O01756,C0307,23-09-2024
O01757,C0520,04-02-2025
O01758,C0193,22-09-2024
O01759,C0221,22-01-2025
O01760,C0403,04-12-2024
O01761,C0456,12-11-2024
O01762,C0218,31-08-2025
O01763,C0478,10-11-2024
O01764,C0660,01-04-2025
O01765,C0600,15-11-2024
O01766,C0777,15-09-2024
O01767,C0273,21-04-2025
O01768,C0354,03-05-2025
O01769,C0972,25-04-2025
O01770,C0543,07-08-2025
O01771,C0723,13-12-2024
O01772,C0707,26-05-2025
O01773,C0148,04-06-2025
O01774,C0047,28-08-2025
O01775,C0983,15-07-2025
O01776,C0731,10-01-2025
O01777,C0442,24-11-2024
O01778,C0868,24-08-2025
O01779,C0453,17-01-2025
O01780,C0826,19-10-2024
O01781,C0148,13-11-2024
O01782,C0503,05-11-2024
O01783,C0636,28-07-2025
O01784,C0659,13-09-2024
O01785,C0873,08-08-2025
O01786,C0624,30-08-2025
O01787,C0931,16-04-2025
O01788,C0776,27-08-2025
O01789,C0813,26-02-2025
O01790,C0175,13-06-2025
O01791,C0827,02-08-2025
O01792,C0149,24-07-2025
O01793,C0814,08-11-2024
O01794,C0466,23-10-2024
O01795,C0001,04-10-2024
O01796,C0427,28-07-2025
O01797,C0159,18-07-2025
O01798,C0996,23-03-2025
O01799,C0782,19-03-2025
O01800,C0628,28-11-2024
O01801,C0166,09-11-2024
O01802,C0924,04-12-2024
O01803,C0623,21-02-2025
O01804,C0736,05-10-2024
O01805,C0605,29-11-2024
O01806,C0525,01-04-2025
O01807,C0919,07-07-2025
O01808,C0022,26-06-2025
O01809,C0883,18-02-2025
O01810,C0444,22-08-2025
O01811,C0525,21-11-2024
O01812,C0560,03-08-2025
O01813,C0022,22-03-2025
O01814,C0955,24-10-2024
O01815,C0869,06-06-2025
O01816,C0091,25-02-2025
O01817,C0171,14-04-2025
O01818,C0454,05-08-2025
O01819,C0428,13-03-2025
O01820,C0428,13-03-2025
O01821,C0310,24-10-2024
O01822,C0713,05-04-2025
O01823,C0231,15-07-2025
O01824,C0159,28-02-2025
O01825,C0794,23-08-2025
O01826,C0071,20-10-2024
O01827,C0998,29-10-2024
O01828,C0005,12-12-2024
O01829,C0364,28-11-2024
O01830,C0793,09-03-2025
O01831,C0254,17-02-2025
O01832,C0903,18-05-2025
O01833,C0548,02-06-2025
O01834,C0045,18-11-2024
O01835,C0104,22-10-2024
O01836,C0649,25-03-2025
O01837,C0438,02-11-2024
O01838,C0652,06-09-2024
O01839,C0069,12-09-2024
O01840,C0344,20-03-2025
O01841,C0668,10-01-2025
O01842,C0314,17-05-2025
O01843,C0967,15-05-2025
O01844,C0846,05-05-2025
O01845,C0864,28-11-2024
O01846,C0280,20-01-2025
O01847,C0289,26-08-2025
O01848,C0182,01-09-2025
O01849,C0898,03-12-2024
O01850,C0123,08-07-2025
O01851,C0568,18-10-2024
O01852,C0227,28-06-2025
O01853,C0177,23-01-2025
O01854,C0991,08-01-2025
O01855,C0817,27-04-2025
O01856,C0788,03-09-2025
O01857,C0825,08-08-2025
O01858,C0735,24-08-2025
O01859,C0458,26-10-2024
O01860,C0343,02-08-2025
O01861,C0599,06-03-2025
O01862,C0519,13-02-2025
O01863,C0164,19-12-2024
O01864,C0447,17-09-2024
O01865,C0860,03-11-2024
O01866,C0619,13-10-2024
O01867,C0442,03-07-2025
O01868,C0105,18-09-2024
O01869,C0237,17-04-2025
O01870,C0234,02-11-2024
O01871,C0524,13-07-2025
O01872,C0166,08-01-2025
O01873,C0922,30-10-2024
O01874,C0317,09-10-2024
O01875,C0288,11-04-2025
O01876,C0126,31-12-2024
O01877,C0868,04-01-2025
O01878,C0086,21-08-2025
O01879,C0438,12-02-2025
O01880,C0146,18-05-2025
O01881,C0136,14-08-2025
O01882,C0882,26-06-2025
O01883,C0546,01-10-2024
O01884,C0979,02-03-2025
O01885,C0405,14-06-2025
O01886,C0199,13-10-2024
O01887,C0419,27-05-2025
O01888,C0849,23-07-2025
O01889,C0758,25-12-2024
O01890,C0425,25-12-2024
O01891,C0361,24-10-2024
O01892,C0182,20-08-2025
O01893,C0339,28-06-2025
O01894,C0525,21-09-2024
O01895,C0006,09-02-2025
O01896,C0503,04-07-2025
O01897,C0911,13-01-2025
O01898,C0299,21-10-2024
O01899,C0090,03-02-2025
O01900,C0106,13-03-2025
O01901,C0155,04-04-2025
O01902,C0579,28-08-2025
O01903,C0009,14-05-2025
O01904,C0642,10-04-2025
O01905,C0708,06-11-2024
O01906,C0087,22-07-2025
O01907,C0804,03-05-2025
O01908,C0758,06-08-2025
O01909,C0726,13-07-2025
O01910,C0475,03-09-2025
O01911,C0539,08-04-2025
O01912,C0350,02-02-2025
O01913,C0600,28-08-2025
O01914,C0686,10-05-2025
O01915,C0160,21-12-2024
O01916,C0919,11-02-2025
O01917,C0704,28-07-2025
O01918,C0761,16-11-2024
O01919,C0554,10-06-2025
O01920,C0029,01-02-2025
O01921,C0424,16-08-2025
O01922,C0527,16-04-2025
O01923,C0452,17-10-2024
O01924,C0891,16-06-2025
O01925,C0645,02-02-2025
O01926,C0805,15-12-2024
O01927,C0350,18-10-2024
O01928,C0381,24-12-2024
O01929,C0189,02-01-2025
O01930,C0131,18-03-2025
O01931,C0501,04-11-2024
O01932,C0046,15-06-2025
O01933,C0548,24-11-2024
O01934,C0797,01-07-2025
O01935,C0789,04-01-2025
O01936,C0363,14-10-2024
O01937,C0670,30-03-2025
O01938,C0050,27-09-2024
O01939,C0073,21-06-2025
O01940,C0175,25-06-2025
O01941,C0097,17-12-2024
O01942,C0233,13-07-2025
O01943,C0586,09-06-2025
O01944,C0621,29-10-2024
O01945,C0712,14-04-2025
O01946,C0934,12-05-2025
O01947,C0971,22-08-2025
O01948,C0914,12-02-2025
O01949,C0874,07-03-2025
O01950,C0289,05-08-2025
O01951,C0592,15-12-2024
O01952,C0503,31-10-2024
O01953,C0898,11-05-2025
O01954,C0998,18-01-2025
O01955,C0139,23-12-2024
O01956,C0515,11-11-2024
O01957,C0748,15-07-2025
O01958,C0564,10-12-2024
O01959,C0105,19-02-2025
O01960,C0942,20-03-2025
O01961,C0905,12-03-2025
O01962,C0289,17-05-2025
O01963,C0768,10-02-2025
O01964,C0954,28-06-2025
O01965,C0442,22-03-2025
O01966,C0451,25-10-2024
O01967,C0880,13-08-2025
O01968,C0352,02-02-2025
O01969,C0830,18-06-2025
O01970,C0372,03-10-2024
O01971,C0658,16-07-2025
O01972,C0814,09-01-2025
O01973,C0328,21-10-2024
O01974,C0949,04-01-2025
O01975,C0266,22-04-2025
O01976,C0132,28-12-2024
O01977,C0039,02-02-2025
O01978,C0196,27-10-2024
O01979,C0645,22-11-2024
O01980,C0340,15-03-2025
O01981,C0047,03-02-2025
O01982,C0553,18-02-2025
O01983,C0609,10-01-2025
O01984,C0467,15-04-2025
O01985,C0301,16-08-2025
O01986,C0198,08-02-2025
O01987,C0040,29-05-2025
O01988,C0462,06-07-2025
O01989,C0351,12-11-2024
O01990,C0244,02-12-2024
O01991,C0579,12-02-2025
O01992,C0616,19-08-2025
O01993,C0800,24-09-2024
O01994,C0745,03-08-2025
O01995,C0536,26-03-2025
O01996,C0640,27-05-2025
O01997,C0136,24-12-2024
O01998,C0960,19-02-2025
O01999,C0066,22-12-2024
O02000,C0063,24-10-2024
